TRIP_NO,EMD_CODE,has_candidate,best_route_idx,mean_dist,median_dist,near_ratio,max_dist,has_deviation,num_deviation_clusters,max_cluster_size,improve_required
TRIP_430377,11215105.0,True,3.0,550.499755859375,177.4289093017578,0.24561403508771928,2824.323486328125,False,0.0,0.0,False
TRIP_430379,11710102.0,True,0.0,291.41339111328125,138.2001190185547,0.32608695652173914,1736.736328125,False,0.0,0.0,False
TRIP_430444,41285106.0,True,0.0,227.42642211914062,140.9656982421875,0.36,1632.7083740234375,False,0.0,0.0,False
TRIP_430450,11590107.0,True,4.0,293.086181640625,120.9194564819336,0.42857142857142855,1804.7191162109375,False,0.0,0.0,False
TRIP_430495,11410120.0,True,1.0,826.5844116210938,233.30328369140625,0.14893617021276595,3550.932861328125,False,0.0,0.0,False
TRIP_430514,11545103.0,True,2.0,572.7266845703125,168.9036865234375,0.2878787878787879,4855.54150390625,False,0.0,0.0,False
TRIP_430531,41281120.0,True,0.0,396.81201171875,213.32066345214844,0.22857142857142856,2048.74462890625,False,0.0,0.0,False
TRIP_430537,11590107.0,True,3.0,262.9818420410156,109.50003051757812,0.4318181818181818,1833.1318359375,False,0.0,0.0,False
TRIP_430624,11500103.0,True,0.0,1066.3480224609375,246.94851684570312,0.27906976744186046,4502.09326171875,False,0.0,0.0,False
TRIP_430664,11620101.0,True,0.0,247.3515625,160.1361846923828,0.2549019607843137,1833.1318359375,False,0.0,0.0,False
TRIP_430680,28260122.0,True,3.0,354.3418273925781,237.27781677246094,0.14285714285714285,1018.6383056640625,False,0.0,0.0,False
TRIP_430724,11500108.0,True,0.0,439.7015075683594,216.9349365234375,0.25925925925925924,3550.932861328125,False,0.0,0.0,False
TRIP_430810,11590101.0,True,3.0,211.42034912109375,113.85852813720703,0.46,2057.64111328125,False,0.0,0.0,False
TRIP_430859,11500111.0,True,1.0,210.90968322753906,165.87913513183594,0.2413793103448276,1294.0087890625,False,0.0,0.0,False
TRIP_430950,41135106.0,True,2.0,298.1914367675781,187.86151123046875,0.3488372093023256,1833.1318359375,False,0.0,0.0,False
TRIP_430955,41360262.0,True,4.0,1252.5621337890625,219.89859008789062,0.25,7551.36279296875,False,0.0,0.0,False
TRIP_430973,11470103.0,True,4.0,1102.322509765625,307.1167907714844,0.3,5142.98193359375,False,0.0,0.0,False
TRIP_431002,11560132.0,True,0.0,431.6918640136719,164.8095245361328,0.35,2946.34912109375,False,0.0,0.0,False
TRIP_431080,11740106.0,True,0.0,277.5845031738281,79.06816101074219,0.569620253164557,4136.85546875,False,0.0,0.0,False
TRIP_431105,11140171.0,True,4.0,322.31719970703125,152.90411376953125,0.3181818181818182,2057.64111328125,False,0.0,0.0,False
TRIP_431150,41285102.0,True,0.0,195.9942626953125,94.07820892333984,0.5263157894736842,1873.22607421875,False,0.0,0.0,False
TRIP_431221,11470101.0,True,5.0,1052.329345703125,216.0834197998047,0.2972972972972973,5142.98193359375,False,0.0,0.0,False
TRIP_431259,28185106.0,True,5.0,255.3618621826172,109.09101867675781,0.42857142857142855,3564.36865234375,False,0.0,0.0,False
TRIP_431277,11680108.0,True,0.0,237.6787567138672,101.74713897705078,0.4772727272727273,1948.6912841796875,False,0.0,0.0,False
TRIP_431296,41287101.0,True,2.0,573.0362548828125,230.69818115234375,0.2647058823529412,2703.093994140625,False,0.0,0.0,False
TRIP_431343,41273109.0,True,0.0,500.67596435546875,174.26400756835938,0.225,3599.244873046875,False,0.0,0.0,False
TRIP_431374,28237101.0,True,1.0,1048.1527099609375,600.8497924804688,0.20689655172413793,3117.49755859375,False,0.0,0.0,False
TRIP_431377,11710102.0,True,0.0,244.06829833984375,110.9818115234375,0.4225352112676056,1833.1318359375,False,0.0,0.0,False
TRIP_431381,11650107.0,True,3.0,312.3744201660156,147.53256225585938,0.375,3550.932861328125,False,0.0,0.0,False
TRIP_431422,11215107.0,True,0.0,328.7459716796875,178.81088256835938,0.29850746268656714,3550.932861328125,False,0.0,0.0,False
TRIP_431480,41550250.0,True,0.0,309.7830810546875,153.2391357421875,0.3181818181818182,2326.23193359375,False,0.0,0.0,False
TRIP_431492,41220126.0,True,0.0,5456.20947265625,417.7896728515625,0.17647058823529413,22599.17578125,False,0.0,0.0,False
TRIP_431513,41273109.0,True,0.0,784.219970703125,524.4900512695312,0.08571428571428572,3551.158203125,False,0.0,0.0,False
TRIP_431549,11260103.0,True,3.0,213.44918823242188,97.57293701171875,0.5245901639344263,2114.62744140625,False,0.0,0.0,False
TRIP_431658,11215103.0,True,4.0,548.345458984375,240.08056640625,0.23333333333333334,1932.4215087890625,False,0.0,0.0,False
TRIP_431669,11140105.0,True,2.0,321.3511047363281,189.49093627929688,0.3125,3550.932861328125,False,0.0,0.0,False
TRIP_431720,11440124.0,True,2.0,302.1139831542969,150.50833129882812,0.24242424242424243,1292.1400146484375,False,0.0,0.0,False
TRIP_431741,28110133.0,True,0.0,304.03619384765625,190.94850158691406,0.32608695652173914,3564.36865234375,False,0.0,0.0,False
TRIP_431785,41150104.0,True,3.0,378.6260070800781,127.63680267333984,0.40816326530612246,2159.631103515625,False,0.0,0.0,False
TRIP_431786,11500105.0,True,0.0,261.1745300292969,155.29672241210938,0.3695652173913043,2057.64111328125,False,0.0,0.0,False
TRIP_431800,11710102.0,True,3.0,271.07122802734375,139.35653686523438,0.2878787878787879,2365.203857421875,False,0.0,0.0,False
TRIP_431867,11170131.0,True,4.0,648.1890869140625,247.417236328125,0.23809523809523808,1916.493408203125,False,0.0,0.0,False
TRIP_431937,28110147.0,True,3.0,3556.83203125,615.2727661132812,0.07142857142857142,19678.734375,False,0.0,0.0,False
TRIP_431960,11560111.0,True,1.0,273.4703674316406,123.17062377929688,0.4222222222222222,3156.172607421875,False,0.0,0.0,False
TRIP_432060,28245103.0,True,0.0,17619.119140625,22630.19140625,0.0,30090.748046875,False,0.0,0.0,False
TRIP_432124,28110147.0,True,1.0,400.6084289550781,171.46127319335938,0.1,1294.0087890625,False,0.0,0.0,False
TRIP_432151,41111134.0,True,2.0,538.7960205078125,193.03990173339844,0.3787878787878788,2927.35205078125,False,0.0,0.0,False
TRIP_432229,41210102.0,True,1.0,660.8632202148438,152.64268493652344,0.28125,5142.98193359375,False,0.0,0.0,False
TRIP_432232,11410117.0,True,1.0,726.412841796875,154.28468322753906,0.2727272727272727,5675.6162109375,False,0.0,0.0,False
TRIP_432340,41135102.0,True,1.0,1645.7545166015625,329.1836853027344,0.2807017543859649,6062.0283203125,False,0.0,0.0,False
TRIP_432381,28110147.0,True,0.0,389.2085876464844,91.50375366210938,0.5333333333333333,1930.1422119140625,False,0.0,0.0,False
TRIP_432445,11290133.0,True,0.0,336.4776611328125,140.05812072753906,0.3387096774193548,2114.434326171875,False,0.0,0.0,False
TRIP_432566,28260114.0,True,0.0,6180.80224609375,4701.0986328125,0.029411764705882353,25319.51953125,False,0.0,0.0,False
TRIP_432603,11500103.0,True,1.0,274.1720886230469,148.46469116210938,0.35714285714285715,1398.658203125,False,0.0,0.0,False
TRIP_432623,11440101.0,True,1.0,451.6480712890625,187.74746704101562,0.2641509433962264,3734.298828125,False,0.0,0.0,False
TRIP_432653,11590107.0,True,3.0,425.9913024902344,169.85220336914062,0.35294117647058826,3937.4384765625,False,0.0,0.0,False
TRIP_432698,28177105.0,True,1.0,2734.469482421875,1058.173583984375,0.09090909090909091,7613.7666015625,False,0.0,0.0,False
TRIP_432741,11545102.0,True,1.0,1198.589111328125,237.61915588378906,0.3103448275862069,5824.0244140625,False,0.0,0.0,False
TRIP_432935,41287102.0,True,0.0,293.0799865722656,160.2507781982422,0.3783783783783784,2203.69189453125,False,0.0,0.0,False
TRIP_432991,11170128.0,True,3.0,327.86669921875,186.91346740722656,0.175,1705.6943359375,False,0.0,0.0,False
TRIP_433150,11680101.0,True,0.0,556.5501708984375,209.65931701660156,0.2413793103448276,4136.85546875,False,0.0,0.0,False
TRIP_433178,28110147.0,True,4.0,25269.3515625,31236.787109375,0.0,42114.5234375,False,0.0,0.0,False
TRIP_433237,28237102.0,True,1.0,1090.609619140625,367.8173828125,0.16363636363636364,4958.81591796875,False,0.0,0.0,False
TRIP_433255,11305103.0,True,3.0,271.4339294433594,115.10845947265625,0.423728813559322,2133.439453125,False,0.0,0.0,False
TRIP_433321,41135103.0,True,0.0,2321.05126953125,1238.57861328125,0.0784313725490196,6174.94873046875,False,0.0,0.0,False
TRIP_433359,28110147.0,True,0.0,544.1038208007812,343.4822692871094,0.05102040816326531,2958.85107421875,True,4.0,8.0,True
TRIP_433384,41285106.0,True,0.0,431.96734619140625,177.28343200683594,0.3939393939393939,2934.038330078125,False,0.0,0.0,False
TRIP_433457,11710104.0,True,0.0,542.2586669921875,86.38493347167969,0.5633802816901409,4185.462890625,False,0.0,0.0,False
TRIP_433526,11500109.0,True,0.0,275.31988525390625,158.80384826660156,0.3548387096774194,1750.1146240234375,False,0.0,0.0,False
TRIP_433532,28110146.0,True,0.0,2241.5712890625,243.43359375,0.09302325581395349,15861.2734375,False,0.0,0.0,False
TRIP_433611,41135107.0,True,3.0,2197.994140625,543.718017578125,0.16666666666666666,11096.302734375,False,0.0,0.0,False
TRIP_433706,28110146.0,True,0.0,432.0179443359375,349.697021484375,0.125,2264.256103515625,False,0.0,0.0,False
TRIP_433719,11560132.0,True,0.0,193.3655242919922,108.03932189941406,0.425,910.8497924804688,False,0.0,0.0,False
TRIP_433752,41220106.0,True,1.0,5455.46484375,1194.8441162109375,0.24193548387096775,17198.259765625,False,0.0,0.0,False
TRIP_433773,28110147.0,True,2.0,1329.5926513671875,1194.06640625,0.10714285714285714,3707.93017578125,False,0.0,0.0,False
TRIP_433803,11620101.0,True,0.0,393.79852294921875,283.54595947265625,0.1891891891891892,1873.22607421875,False,0.0,0.0,False
TRIP_433830,11710106.0,True,4.0,214.52001953125,94.58625793457031,0.5522388059701493,1833.1318359375,False,0.0,0.0,False
TRIP_433838,11530101.0,True,1.0,587.5608520507812,291.5926513671875,0.14925373134328357,2223.55029296875,False,0.0,0.0,False
TRIP_434079,11560110.0,True,4.0,330.22210693359375,196.03492736816406,0.3,1292.1400146484375,False,0.0,0.0,False
TRIP_434097,41570256.0,True,5.0,532.9169921875,422.1573791503906,0.17857142857142858,1310.523681640625,False,0.0,0.0,False
TRIP_434122,28110147.0,True,3.0,366.9072265625,202.80752563476562,0.17647058823529413,1254.625732421875,False,0.0,0.0,False
TRIP_434132,28140107.0,True,3.0,207.74032592773438,158.3249053955078,0.3137254901960784,1912.6295166015625,False,0.0,0.0,False
TRIP_434245,11500109.0,True,0.0,283.0846862792969,188.08383178710938,0.2916666666666667,1017.7326049804688,False,0.0,0.0,False
TRIP_434296,11500106.0,True,0.0,489.0260009765625,157.90501403808594,0.3333333333333333,3550.932861328125,False,0.0,0.0,False
TRIP_434533,28110147.0,True,0.0,2401.455078125,2467.85498046875,0.05,4213.50244140625,False,0.0,0.0,False
TRIP_434586,11620102.0,True,3.0,512.5469360351562,238.29501342773438,0.22,2784.9130859375,False,0.0,0.0,False
TRIP_434612,11560132.0,True,5.0,174.80186462402344,86.89410400390625,0.5833333333333334,1037.8778076171875,False,0.0,0.0,False
TRIP_434812,28110147.0,True,3.0,707.09814453125,462.48095703125,0.21739130434782608,2765.841552734375,False,0.0,0.0,False
TRIP_434866,11620101.0,True,0.0,271.11553955078125,106.57405853271484,0.44285714285714284,4185.462890625,False,0.0,0.0,False
TRIP_434874,11260102.0,True,4.0,1040.257080078125,468.028564453125,0.08,3561.606689453125,False,0.0,0.0,False
TRIP_434959,41465102.0,True,3.0,309.54168701171875,186.24070739746094,0.2653061224489796,2757.0908203125,False,0.0,0.0,False
TRIP_434960,11290125.0,True,2.0,989.6627807617188,439.4400634765625,0.19230769230769232,3550.932861328125,False,0.0,0.0,False
TRIP_434992,11200107.0,True,0.0,3377.37451171875,834.1560668945312,0.2962962962962963,10058.3232421875,False,0.0,0.0,False
TRIP_435045,11500109.0,True,2.0,291.30145263671875,175.62049865722656,0.36,1912.6295166015625,False,0.0,0.0,False
TRIP_435073,11440127.0,True,4.0,252.22738647460938,134.09866333007812,0.34375,1366.9923095703125,False,0.0,0.0,False
TRIP_435077,11500104.0,True,1.0,562.1261596679688,293.3728942871094,0.17857142857142858,1517.2978515625,False,0.0,0.0,False
TRIP_435080,11710107.0,True,4.0,529.1229248046875,254.83709716796875,0.2222222222222222,3155.502197265625,False,0.0,0.0,False
TRIP_435095,11260106.0,True,4.0,614.3897094726562,128.55531311035156,0.4189189189189189,7109.005859375,False,0.0,0.0,False
TRIP_435233,11305101.0,True,5.0,787.4930419921875,498.57989501953125,0.13333333333333333,2637.770751953125,False,0.0,0.0,False
TRIP_435236,11470101.0,True,3.0,257.85894775390625,86.80410766601562,0.5161290322580645,2153.024169921875,False,0.0,0.0,False
TRIP_435344,11500111.0,True,1.0,199.63430786132812,116.50151824951172,0.39285714285714285,1488.0040283203125,False,0.0,0.0,False
TRIP_435403,11290116.0,True,2.0,773.558349609375,447.0654296875,0.18181818181818182,2514.836669921875,False,0.0,0.0,False
TRIP_435480,28237102.0,True,2.0,2681.312255859375,1947.135986328125,0.10344827586206896,6571.72900390625,False,0.0,0.0,False
TRIP_435523,11590107.0,True,0.0,236.9271240234375,124.9549331665039,0.4411764705882353,3550.932861328125,False,0.0,0.0,False
TRIP_435569,28260122.0,True,1.0,8174.576171875,7487.41943359375,0.08,18116.13671875,False,0.0,0.0,False
TRIP_435591,11410117.0,True,3.0,430.78765869140625,185.91761779785156,0.29411764705882354,3550.932861328125,False,0.0,0.0,False
TRIP_435617,28237102.0,True,0.0,5230.66552734375,6071.45556640625,0.19047619047619047,11180.833984375,False,0.0,0.0,False
TRIP_435711,41285106.0,True,0.0,274.1896667480469,146.2633514404297,0.36363636363636365,2214.724853515625,False,0.0,0.0,False
TRIP_435747,11320107.0,True,3.0,1218.3304443359375,1017.7326049804688,0.11594202898550725,3407.232666015625,False,0.0,0.0,False
TRIP_435749,41360101.0,True,0.0,2367.84814453125,543.3798217773438,0.12857142857142856,9270.83203125,False,0.0,0.0,False
TRIP_435761,11470101.0,True,3.0,379.38006591796875,234.83863830566406,0.21621621621621623,3550.932861328125,False,0.0,0.0,False
TRIP_435771,11380104.0,True,2.0,574.320556640625,259.4679260253906,0.17647058823529413,3550.932861328125,False,0.0,0.0,False
TRIP_435880,41135101.0,True,0.0,506.265380859375,223.74615478515625,0.3235294117647059,4853.33154296875,False,0.0,0.0,False
TRIP_435894,28260122.0,True,1.0,9875.90625,10642.00390625,0.0,21166.458984375,False,0.0,0.0,False
TRIP_436046,11470102.0,True,1.0,287.89385986328125,152.90411376953125,0.33962264150943394,1833.1318359375,False,0.0,0.0,False
TRIP_436116,11710111.0,True,5.0,496.9424743652344,162.29945373535156,0.33783783783783783,2877.56201171875,False,0.0,0.0,False
TRIP_436229,11530101.0,True,2.0,712.5569458007812,497.1719055175781,0.17647058823529413,2333.208251953125,False,0.0,0.0,False
TRIP_436234,11500111.0,True,0.0,405.6304931640625,142.75473022460938,0.36666666666666664,3551.158203125,False,0.0,0.0,False
TRIP_436243,11380103.0,True,1.0,1813.4197998046875,505.428466796875,0.14545454545454545,6528.0009765625,False,0.0,0.0,False
TRIP_436284,41570108.0,True,1.0,226.97743225097656,162.76504516601562,0.32432432432432434,1082.233154296875,False,0.0,0.0,False
TRIP_436295,28110147.0,True,0.0,766.6390380859375,666.9063110351562,0.2,2111.6416015625,False,0.0,0.0,False
TRIP_436307,11650107.0,True,1.0,190.1188507080078,134.61703491210938,0.37735849056603776,978.99755859375,False,0.0,0.0,False
TRIP_436310,41590127.0,True,0.0,456.4383239746094,215.9680633544922,0.21052631578947367,3551.158203125,False,0.0,0.0,False
TRIP_436330,41550250.0,True,5.0,11063.263671875,13617.71484375,0.0851063829787234,21982.294921875,False,0.0,0.0,False
TRIP_436725,41360111.0,True,1.0,324.5718994140625,153.98077392578125,0.29310344827586204,3551.158203125,False,0.0,0.0,False
TRIP_436823,11560132.0,True,1.0,951.4448852539062,359.5212707519531,0.1891891891891892,4386.20361328125,False,0.0,0.0,False
TRIP_436848,11680114.0,True,4.0,465.0505676269531,185.81944274902344,0.3076923076923077,2808.5634765625,False,0.0,0.0,False
TRIP_436859,11740109.0,True,0.0,149.2631072998047,68.5445327758789,0.581081081081081,892.393310546875,False,0.0,0.0,False
TRIP_436888,28237101.0,True,1.0,851.8652954101562,260.0760803222656,0.17307692307692307,3550.58544921875,False,0.0,0.0,False
TRIP_436894,11500109.0,True,1.0,326.6994934082031,185.4974365234375,0.3333333333333333,1646.9871826171875,False,0.0,0.0,False
TRIP_437005,11440123.0,True,5.0,776.992431640625,283.8939208984375,0.2222222222222222,4127.05859375,False,0.0,0.0,False
TRIP_437116,11230105.0,True,3.0,645.75830078125,400.4886779785156,0.2,2625.88037109375,False,0.0,0.0,False
TRIP_437162,11590101.0,True,1.0,1327.972900390625,345.4300537109375,0.21428571428571427,5245.23046875,False,0.0,0.0,False
TRIP_437178,11380102.0,True,0.0,315.70379638671875,139.62376403808594,0.42857142857142855,3550.932861328125,False,0.0,0.0,False
TRIP_437180,11545102.0,True,0.0,1224.2286376953125,198.8299102783203,0.373134328358209,5936.3349609375,False,0.0,0.0,False
TRIP_437215,11545101.0,True,0.0,865.8270263671875,221.46937561035156,0.23255813953488372,5142.98193359375,False,0.0,0.0,False
TRIP_437219,11590102.0,True,5.0,296.74212646484375,151.72938537597656,0.20512820512820512,2044.218994140625,False,0.0,0.0,False
TRIP_437427,11230102.0,True,2.0,968.1649780273438,486.1491394042969,0.10144927536231885,3622.567138671875,False,0.0,0.0,False
TRIP_437516,11560124.0,True,4.0,418.90875244140625,145.07786560058594,0.3076923076923077,4185.462890625,False,0.0,0.0,False
TRIP_437535,11500108.0,True,4.0,160.9141845703125,109.17939758300781,0.38235294117647056,669.7236328125,False,0.0,0.0,False
TRIP_437590,11440127.0,True,0.0,1087.187255859375,419.6114807128906,0.13513513513513514,2967.481689453125,False,0.0,0.0,False
TRIP_437622,11290119.0,True,2.0,257.2349548339844,105.62132263183594,0.4827586206896552,2144.190185546875,False,0.0,0.0,False
TRIP_437714,41220124.0,True,0.0,11796.064453125,15359.064453125,0.09090909090909091,21300.419921875,False,0.0,0.0,False
TRIP_437789,11200102.0,True,5.0,394.72698974609375,105.78824615478516,0.4626865671641791,1766.1273193359375,False,0.0,0.0,False
TRIP_437828,41287101.0,True,0.0,385.8489074707031,225.2695770263672,0.2857142857142857,1853.802490234375,False,0.0,0.0,False
TRIP_437863,11545103.0,True,0.0,420.780517578125,134.27317810058594,0.2972972972972973,2246.690673828125,False,0.0,0.0,False
TRIP_437870,41285104.0,True,0.0,317.8934020996094,120.31523895263672,0.42424242424242425,3564.36865234375,False,0.0,0.0,False
TRIP_437880,11560106.0,True,0.0,220.4409942626953,133.951416015625,0.3953488372093023,1873.22607421875,False,0.0,0.0,False
TRIP_437928,11170104.0,True,0.0,320.2121276855469,217.9235382080078,0.27906976744186046,2050.233154296875,False,0.0,0.0,False
TRIP_437950,28237104.0,True,5.0,543.4539184570312,220.720458984375,0.3,2908.873779296875,False,0.0,0.0,False
TRIP_437974,11545101.0,True,4.0,743.2860107421875,175.5438995361328,0.34545454545454546,5181.50244140625,False,0.0,0.0,False
TRIP_438003,41285103.0,True,0.0,134.8022003173828,56.28176498413086,0.6923076923076923,2174.009765625,False,0.0,0.0,False
TRIP_438032,11650103.0,True,0.0,282.96246337890625,130.11676025390625,0.2878787878787879,3550.932861328125,False,0.0,0.0,False
TRIP_438042,41135102.0,True,0.0,2100.44384765625,853.8950805664062,0.14285714285714285,6593.55517578125,False,0.0,0.0,False
TRIP_438161,11680103.0,True,4.0,575.6990356445312,194.5293731689453,0.23809523809523808,2453.910888671875,False,0.0,0.0,False
TRIP_438185,11710102.0,True,0.0,706.9273071289062,706.518798828125,0.1702127659574468,2362.875244140625,False,0.0,0.0,False
TRIP_438208,11650109.0,True,1.0,338.74169921875,164.3343963623047,0.27848101265822783,1993.97998046875,False,0.0,0.0,False
TRIP_438245,11500105.0,True,2.0,350.57318115234375,178.555908203125,0.2962962962962963,1563.408447265625,False,0.0,0.0,False
TRIP_438314,11650107.0,True,0.0,257.1855163574219,112.81674194335938,0.4166666666666667,1873.22607421875,False,0.0,0.0,False
TRIP_438323,11500109.0,True,0.0,343.4878845214844,193.19696044921875,0.32,1292.1400146484375,False,0.0,0.0,False
TRIP_438336,11680101.0,True,5.0,550.8201293945312,173.2977294921875,0.36363636363636365,3569.429931640625,False,0.0,0.0,False
TRIP_438341,11530102.0,True,4.0,390.74530029296875,178.92498779296875,0.2537313432835821,1873.22607421875,False,0.0,0.0,False
TRIP_438394,11470102.0,True,3.0,301.1131286621094,149.4105224609375,0.43902439024390244,1179.9639892578125,False,0.0,0.0,False
TRIP_438400,11200114.0,True,2.0,380.6668701171875,226.38844299316406,0.21212121212121213,1964.3831787109375,False,0.0,0.0,False
TRIP_438452,11590107.0,True,4.0,257.3563537597656,143.0115509033203,0.3333333333333333,1859.3704833984375,False,0.0,0.0,False
TRIP_438540,11170128.0,True,5.0,363.54205322265625,185.91761779785156,0.27906976744186046,3550.932861328125,False,0.0,0.0,False
TRIP_438541,11545102.0,True,0.0,1097.522216796875,176.8515167236328,0.3064516129032258,5652.11328125,False,0.0,0.0,False
TRIP_438587,41465102.0,True,1.0,444.0627136230469,237.10411071777344,0.2727272727272727,5317.2666015625,False,0.0,0.0,False
TRIP_438616,11500101.0,True,5.0,506.53582763671875,182.52264404296875,0.24324324324324326,2529.49462890625,False,0.0,0.0,False
TRIP_438645,11500105.0,True,0.0,349.3900451660156,135.4854278564453,0.358974358974359,1425.8663330078125,False,0.0,0.0,False
TRIP_438679,11200101.0,True,4.0,524.7540893554688,134.52984619140625,0.4166666666666667,3550.932861328125,False,0.0,0.0,False
TRIP_438691,28110128.0,True,1.0,468.37078857421875,151.45973205566406,0.25,3553.831298828125,False,0.0,0.0,False
TRIP_438707,41287105.0,True,0.0,377.8044128417969,191.9808807373047,0.37777777777777777,2703.427490234375,False,0.0,0.0,False
TRIP_438741,41287101.0,True,2.0,699.8263549804688,337.5463562011719,0.19298245614035087,3550.932861328125,False,0.0,0.0,False
TRIP_438756,28110145.0,True,1.0,738.855712890625,360.14013671875,0.11538461538461539,3597.32177734375,False,0.0,0.0,False
TRIP_438770,11110183.0,True,2.0,285.1051940917969,153.1198272705078,0.375,2073.259765625,False,0.0,0.0,False
TRIP_438842,11140124.0,True,2.0,1331.4208984375,209.43896484375,0.2808988764044944,4746.68310546875,False,0.0,0.0,False
TRIP_438949,28110146.0,True,2.0,2733.22998046875,184.58277893066406,0.37254901960784315,15100.5595703125,False,0.0,0.0,False
TRIP_439053,28237103.0,True,2.0,1852.6932373046875,2127.69091796875,0.034482758620689655,5526.5419921875,False,0.0,0.0,False
TRIP_439199,11545101.0,True,3.0,4701.6796875,3972.39990234375,0.175,17749.501953125,False,0.0,0.0,False
TRIP_439271,41590137.0,True,0.0,356.39300537109375,196.3302764892578,0.2777777777777778,2784.536376953125,False,0.0,0.0,False
TRIP_439288,41287104.0,True,0.0,433.8038024902344,327.3460998535156,0.1724137931034483,2285.1142578125,True,2.0,5.0,True
TRIP_439318,11200109.0,True,1.0,675.602294921875,363.2590026855469,0.325,2757.59716796875,False,0.0,0.0,False
TRIP_439344,11650108.0,True,2.0,341.9878845214844,177.4289093017578,0.31746031746031744,2104.301025390625,False,0.0,0.0,False
TRIP_439393,28260103.0,True,1.0,5802.67236328125,862.7874755859375,0.0,23512.369140625,False,0.0,0.0,False
TRIP_439443,41285105.0,True,0.0,242.48085021972656,120.31523895263672,0.4583333333333333,1294.0087890625,False,0.0,0.0,False
TRIP_439454,11230109.0,True,1.0,710.5269165039062,210.52279663085938,0.25862068965517243,2625.88037109375,False,0.0,0.0,False
TRIP_439462,11650101.0,True,2.0,211.85867309570312,106.67830657958984,0.45652173913043476,1292.1400146484375,False,0.0,0.0,False
TRIP_439484,11650108.0,True,2.0,150.8403778076172,66.12905883789062,0.6,1319.7952880859375,False,0.0,0.0,False
TRIP_439546,11560116.0,True,0.0,377.7728271484375,143.11500549316406,0.2857142857142857,2490.91552734375,False,0.0,0.0,False
TRIP_439555,11650108.0,True,1.0,226.39691162109375,135.67178344726562,0.38461538461538464,1873.22607421875,False,0.0,0.0,False
TRIP_439599,11140108.0,True,3.0,385.329833984375,154.1490020751953,0.3333333333333333,2554.7138671875,False,0.0,0.0,False
TRIP_439607,11500110.0,True,3.0,501.6157531738281,216.03822326660156,0.10714285714285714,3550.932861328125,False,0.0,0.0,False
TRIP_439772,11500108.0,True,0.0,252.5360565185547,131.23037719726562,0.3611111111111111,1912.6295166015625,False,0.0,0.0,False
TRIP_439837,11620101.0,True,4.0,450.54412841796875,158.7398223876953,0.2631578947368421,2120.242919921875,False,0.0,0.0,False
TRIP_439847,41450110.0,True,3.0,961.6222534179688,398.9521789550781,0.24528301886792453,3094.7646484375,False,0.0,0.0,False
TRIP_439849,11140165.0,True,2.0,589.819580078125,337.4033508300781,0.16326530612244897,2633.5166015625,False,0.0,0.0,False
TRIP_439898,28110149.0,True,5.0,562.09814453125,108.78348541259766,0.46153846153846156,3462.40673828125,False,0.0,0.0,False
TRIP_439911,41190121.0,True,1.0,1093.710205078125,484.9320373535156,0.21621621621621623,5001.82763671875,False,0.0,0.0,False
TRIP_439913,11230103.0,True,2.0,490.33514404296875,178.34539794921875,0.2608695652173913,2465.710205078125,False,0.0,0.0,False
TRIP_439965,41390101.0,True,0.0,4869.044921875,3300.279052734375,0.15555555555555556,14686.1240234375,False,0.0,0.0,False
TRIP_440025,11260104.0,True,0.0,267.38702392578125,97.57293701171875,0.5192307692307693,3598.958984375,False,0.0,0.0,False
TRIP_440094,28260109.0,True,1.0,9007.4169921875,10171.357421875,0.07142857142857142,17747.1015625,False,0.0,0.0,False
TRIP_440099,28110146.0,True,2.0,519.6015625,441.0185852050781,0.1724137931034483,2436.610595703125,False,0.0,0.0,False
TRIP_440126,28185103.0,True,1.0,337.7441101074219,177.55340576171875,0.2127659574468085,2256.7880859375,True,4.0,12.0,True
TRIP_440172,28110147.0,True,0.0,206.044189453125,181.05038452148438,0.2777777777777778,469.039794921875,False,0.0,0.0,False
TRIP_440180,11560132.0,True,0.0,589.9851684570312,212.33197021484375,0.2702702702702703,3598.958984375,False,0.0,0.0,False
TRIP_440286,41220310.0,True,4.0,649.5083618164062,253.32760620117188,0.275,4857.49951171875,False,0.0,0.0,False
TRIP_440393,11380106.0,True,3.0,1036.900390625,189.1996307373047,0.38461538461538464,5296.83837890625,False,0.0,0.0,False
TRIP_440408,11590109.0,True,3.0,176.54443359375,91.59909057617188,0.5454545454545454,1292.1400146484375,False,0.0,0.0,False
TRIP_440438,11170128.0,True,0.0,389.8815612792969,164.6506805419922,0.24324324324324326,3550.932861328125,False,0.0,0.0,False
TRIP_440462,11320108.0,True,0.0,343.4667053222656,148.71682739257812,0.35135135135135137,2063.784423828125,False,0.0,0.0,False
TRIP_440545,28245102.0,True,0.0,13281.5205078125,8989.138671875,0.03125,27598.46875,False,0.0,0.0,False
TRIP_440724,11500112.0,True,1.0,338.2200927734375,134.03750610351562,0.3870967741935484,3551.158203125,False,0.0,0.0,False
TRIP_440843,11650106.0,True,2.0,363.26806640625,157.26194763183594,0.2777777777777778,1912.6295166015625,False,0.0,0.0,False
TRIP_440865,11290101.0,True,0.0,286.73468017578125,96.78272247314453,0.5,3550.932861328125,False,0.0,0.0,False
TRIP_440881,11380104.0,True,3.0,686.2894287109375,195.3175506591797,0.2830188679245283,3550.932861328125,False,0.0,0.0,False
TRIP_440883,11440104.0,True,0.0,262.3614196777344,142.10662841796875,0.32,980.5740966796875,False,0.0,0.0,False
TRIP_440940,11200105.0,True,2.0,514.2593994140625,220.4185333251953,0.2826086956521739,2818.4287109375,False,0.0,0.0,False
TRIP_440998,11680101.0,True,0.0,475.5481262207031,152.47543334960938,0.38636363636363635,2035.341552734375,False,0.0,0.0,False
TRIP_441032,11680103.0,True,4.0,257.5421447753906,154.28468322753906,0.42857142857142855,2188.437255859375,False,0.0,0.0,False
TRIP_441037,41281123.0,True,3.0,574.6438598632812,138.05162048339844,0.40476190476190477,3551.158203125,False,0.0,0.0,False
TRIP_441045,11170128.0,True,3.0,392.519775390625,169.80783081054688,0.24528301886792453,2686.103759765625,False,0.0,0.0,False
TRIP_441046,11650101.0,True,0.0,248.54856872558594,139.15338134765625,0.39344262295081966,1912.6295166015625,False,0.0,0.0,False
TRIP_441067,41610110.0,True,1.0,630.7659912109375,205.22775268554688,0.28846153846153844,6725.45458984375,False,0.0,0.0,False
TRIP_441133,28110147.0,True,0.0,481.7425842285156,294.853271484375,0.11764705882352941,1482.466796875,False,0.0,0.0,False
TRIP_441195,11500108.0,True,3.0,261.2708740234375,150.86228942871094,0.25,1912.6295166015625,False,0.0,0.0,False
TRIP_441305,11500108.0,True,0.0,177.0167694091797,148.06634521484375,0.4583333333333333,661.7371826171875,False,0.0,0.0,False
TRIP_441326,11260104.0,True,3.0,521.5601806640625,169.0421905517578,0.28125,3167.318603515625,False,0.0,0.0,False
TRIP_441395,28110147.0,True,0.0,2328.91845703125,2688.8369140625,0.0,4059.631103515625,False,0.0,0.0,False
TRIP_441418,41281128.0,True,4.0,207.2672882080078,103.54222869873047,0.45714285714285713,1221.4212646484375,False,0.0,0.0,False
TRIP_441467,11530101.0,True,2.0,1240.01171875,896.8116455078125,0.1891891891891892,5008.07421875,False,0.0,0.0,False
TRIP_441491,28245110.0,True,2.0,499.459716796875,366.3445739746094,0.09777777777777778,1947.7906494140625,True,7.0,7.0,True
TRIP_441521,11620102.0,True,2.0,713.45849609375,364.9526672363281,0.1111111111111111,2775.86279296875,False,0.0,0.0,False
TRIP_441567,11140104.0,True,4.0,651.0643920898438,320.657470703125,0.23255813953488372,3386.974853515625,False,0.0,0.0,False
TRIP_441709,41310101.0,True,3.0,499.0603332519531,108.40962219238281,0.4166666666666667,4957.0927734375,False,0.0,0.0,False
TRIP_441753,11440127.0,True,0.0,664.3634033203125,318.4102783203125,0.17647058823529413,3428.83935546875,False,0.0,0.0,False
TRIP_441761,28110147.0,True,0.0,16190.8251953125,20239.130859375,0.010416666666666666,30167.5859375,False,0.0,0.0,False
TRIP_441769,11500108.0,True,5.0,266.9686584472656,144.37478637695312,0.43478260869565216,1483.0010986328125,False,0.0,0.0,False
TRIP_441847,11530102.0,True,5.0,404.4706115722656,244.46446228027344,0.25,1483.8426513671875,False,0.0,0.0,False
TRIP_441930,11680110.0,True,2.0,674.630859375,201.59024047851562,0.23809523809523808,3550.932861328125,False,0.0,0.0,False
TRIP_442065,11500106.0,True,0.0,360.9812927246094,130.90902709960938,0.3888888888888889,3550.932861328125,False,0.0,0.0,False
TRIP_442079,,False,,,,,,,,,
TRIP_442084,11260105.0,True,4.0,245.5323028564453,128.55531311035156,0.3968253968253968,4620.5185546875,False,0.0,0.0,False
TRIP_442150,11710107.0,True,0.0,518.1536865234375,154.16848754882812,0.3584905660377358,1883.59619140625,False,0.0,0.0,False
TRIP_442152,11290134.0,True,0.0,197.6407470703125,124.84439849853516,0.3392857142857143,1048.341796875,False,0.0,0.0,False
TRIP_442178,28260122.0,True,0.0,10806.177734375,13179.1572265625,0.02702702702702703,20717.818359375,False,0.0,0.0,False
TRIP_442197,41590137.0,True,0.0,270.8267822265625,196.16171264648438,0.26153846153846155,1912.6295166015625,False,0.0,0.0,False
TRIP_442256,28110146.0,True,1.0,368.24444580078125,102.6108169555664,0.35294117647058826,3549.054931640625,False,0.0,0.0,False
TRIP_442261,41287102.0,True,4.0,682.2523803710938,368.2156066894531,0.14772727272727273,2586.34130859375,False,0.0,0.0,False
TRIP_442293,11290139.0,True,1.0,2021.9542236328125,219.05242919921875,0.22535211267605634,8242.5888671875,False,0.0,0.0,False
TRIP_442333,28177102.0,True,4.0,685.8060913085938,398.4279479980469,0.07142857142857142,2497.761474609375,False,0.0,0.0,False
TRIP_442342,41570104.0,True,0.0,505.64703369140625,176.22012329101562,0.3,2695.99951171875,False,0.0,0.0,False
TRIP_442437,11590107.0,True,0.0,1422.863525390625,716.7080688476562,0.07936507936507936,4671.15087890625,False,0.0,0.0,False
TRIP_442442,11380107.0,True,1.0,171.07040405273438,88.50538635253906,0.5344827586206896,1833.1318359375,False,0.0,0.0,False
TRIP_442537,11620101.0,True,1.0,276.4952697753906,115.57054901123047,0.3953488372093023,3550.932861328125,False,0.0,0.0,False
TRIP_442611,11260101.0,True,4.0,786.4017944335938,706.518798828125,0.11267605633802817,2462.464111328125,False,0.0,0.0,False
TRIP_442690,11620102.0,True,1.0,460.712646484375,165.147705078125,0.28205128205128205,2099.13671875,False,0.0,0.0,False
TRIP_442745,11560132.0,True,1.0,269.6222229003906,124.11101531982422,0.4032258064516129,2063.784423828125,False,0.0,0.0,False
TRIP_442747,28237101.0,True,0.0,1557.2490234375,316.7296142578125,0.25,5255.6728515625,False,0.0,0.0,False
TRIP_442793,11500108.0,True,0.0,295.22113037109375,96.78272247314453,0.5,3550.932861328125,False,0.0,0.0,False
TRIP_442829,11545103.0,True,0.0,1440.85595703125,511.1537170410156,0.2962962962962963,5912.47265625,False,0.0,0.0,False
TRIP_442832,11500109.0,True,3.0,314.276611328125,126.0860595703125,0.36,3551.158203125,False,0.0,0.0,False
TRIP_442940,28237106.0,True,2.0,11266.59375,13034.3583984375,0.0759493670886076,22847.845703125,False,0.0,0.0,False
TRIP_442961,11710102.0,True,1.0,220.4913330078125,111.58271789550781,0.4,1873.22607421875,False,0.0,0.0,False
TRIP_442995,11350105.0,True,0.0,683.9271850585938,147.53256225585938,0.25,4864.88330078125,False,0.0,0.0,False
TRIP_443046,11500109.0,True,0.0,6954.169921875,3479.3994140625,0.19117647058823528,19843.0859375,False,0.0,0.0,False
TRIP_443111,11440127.0,True,0.0,353.02886962890625,213.94873046875,0.25806451612903225,2522.26220703125,False,0.0,0.0,False
TRIP_443112,11290133.0,True,0.0,294.3876647949219,134.09866333007812,0.37037037037037035,3550.932861328125,False,0.0,0.0,False
TRIP_443128,11710102.0,True,0.0,300.3800354003906,114.82747650146484,0.4625,2217.793212890625,False,0.0,0.0,False
TRIP_443148,41131112.0,True,2.0,1391.043212890625,418.8642578125,0.17391304347826086,6910.68359375,False,0.0,0.0,False
TRIP_443173,11380114.0,True,4.0,481.30517578125,188.08383178710938,0.32142857142857145,2633.5166015625,False,0.0,0.0,False
TRIP_443382,41480122.0,True,0.0,1458.8953857421875,424.6682434082031,0.2558139534883721,6549.1435546875,False,0.0,0.0,False
TRIP_443452,11710107.0,True,4.0,416.0360412597656,154.16848754882812,0.34545454545454546,3550.932861328125,False,0.0,0.0,False
TRIP_443548,41550340.0,True,5.0,15089.2734375,17586.078125,0.0,32485.09765625,False,0.0,0.0,False
TRIP_443569,41390126.0,True,0.0,457.7392272949219,325.6556091308594,0.25925925925925924,3551.158203125,False,0.0,0.0,False
TRIP_443659,41670108.0,True,0.0,22786.421875,26269.685546875,0.08641975308641975,47782.609375,False,0.0,0.0,False
TRIP_443679,11650108.0,True,0.0,251.11085510253906,131.76437377929688,0.3709677419354839,2085.73193359375,False,0.0,0.0,False
TRIP_443721,41287101.0,True,0.0,287.9107360839844,142.7149658203125,0.32558139534883723,1873.22607421875,False,0.0,0.0,False
TRIP_443734,41285101.0,True,1.0,337.91363525390625,163.7633819580078,0.375,3564.36865234375,False,0.0,0.0,False
TRIP_443925,11290138.0,True,3.0,250.56591796875,119.48612976074219,0.38235294117647056,1784.5291748046875,False,0.0,0.0,False
TRIP_443960,28260109.0,True,1.0,7097.56298828125,1872.5562744140625,0.0,18284.337890625,False,0.0,0.0,False
TRIP_444112,41220310.0,True,0.0,728.7001953125,150.17669677734375,0.23076923076923078,6676.89013671875,False,0.0,0.0,False
TRIP_444153,11440125.0,True,5.0,819.7374877929688,516.8893432617188,0.16363636363636364,3120.005615234375,False,0.0,0.0,False
TRIP_444232,11140125.0,True,3.0,191.03028869628906,110.56066131591797,0.45454545454545453,1074.1298828125,False,0.0,0.0,False
TRIP_444415,11140151.0,True,5.0,383.8827819824219,264.4423522949219,0.27450980392156865,1907.675537109375,False,0.0,0.0,False
TRIP_444500,11500109.0,True,0.0,447.1180725097656,184.96221923828125,0.16666666666666666,3550.932861328125,False,0.0,0.0,False
TRIP_444524,11500109.0,True,2.0,268.8636779785156,94.07820892333984,0.5333333333333333,2182.771484375,False,0.0,0.0,False
TRIP_444531,41135103.0,True,3.0,2366.12353515625,964.9021606445312,0.15789473684210525,6604.123046875,False,0.0,0.0,False
TRIP_444714,11470102.0,True,0.0,381.98291015625,144.97799682617188,0.2857142857142857,3550.932861328125,False,0.0,0.0,False
TRIP_444727,11560121.0,True,0.0,252.6895294189453,108.03932189941406,0.48,2198.008056640625,False,0.0,0.0,False
TRIP_444797,11170131.0,True,2.0,573.2820434570312,283.9212341308594,0.2127659574468085,3550.932861328125,False,0.0,0.0,False
TRIP_444805,11200102.0,True,4.0,751.7496337890625,766.0103759765625,0.17333333333333334,3550.932861328125,False,0.0,0.0,False
TRIP_444847,41190101.0,True,4.0,978.3963623046875,391.36004638671875,0.2222222222222222,4439.2138671875,False,0.0,0.0,False
TRIP_444911,28110145.0,True,0.0,314.6717834472656,148.5098114013672,0.3448275862068966,3549.054931640625,False,0.0,0.0,False
TRIP_444991,11650101.0,True,3.0,198.8935546875,153.64276123046875,0.375,1292.1400146484375,False,0.0,0.0,False
TRIP_445053,11200101.0,True,4.0,487.3912048339844,186.39132690429688,0.3283582089552239,2428.515380859375,False,0.0,0.0,False
TRIP_445076,41287102.0,True,0.0,297.6550598144531,134.857421875,0.38235294117647056,1749.2728271484375,False,0.0,0.0,False
TRIP_445157,11260101.0,True,3.0,810.6759643554688,506.6696472167969,0.1956521739130435,3550.932861328125,False,0.0,0.0,False
TRIP_445178,28245106.0,True,2.0,593.2181396484375,241.4392547607422,0.22580645161290322,3384.501708984375,False,0.0,0.0,False
TRIP_445247,11500105.0,True,0.0,223.5077667236328,96.78272247314453,0.54,1873.22607421875,False,0.0,0.0,False
TRIP_445274,41287102.0,True,0.0,160.53445434570312,119.56419372558594,0.38461538461538464,862.2872314453125,False,0.0,0.0,False
TRIP_445297,11440124.0,True,3.0,481.8522644042969,331.4353332519531,0.20512820512820512,2269.7412109375,False,0.0,0.0,False
TRIP_445322,11530101.0,True,0.0,216.9171142578125,97.65387725830078,0.5,2034.9945068359375,False,0.0,0.0,False
TRIP_445368,11500109.0,True,0.0,327.9786376953125,122.30235290527344,0.4,3550.932861328125,False,0.0,0.0,False
TRIP_445443,11470101.0,True,3.0,598.0709838867188,295.0720520019531,0.1794871794871795,3564.36865234375,False,0.0,0.0,False
TRIP_445485,11410118.0,True,1.0,269.32965087890625,117.3498764038086,0.4074074074074074,1873.22607421875,False,0.0,0.0,False
TRIP_445507,11110168.0,True,1.0,278.0199279785156,111.19302368164062,0.45714285714285713,1873.22607421875,False,0.0,0.0,False
TRIP_445571,11230105.0,True,5.0,913.3237915039062,506.6696472167969,0.1388888888888889,3550.932861328125,False,0.0,0.0,False
TRIP_445597,11650107.0,True,2.0,402.30291748046875,186.9123077392578,0.17307692307692307,2240.3662109375,False,0.0,0.0,False
TRIP_445654,28110147.0,True,0.0,629.08447265625,845.3219604492188,0.21739130434782608,1912.6295166015625,False,0.0,0.0,False
TRIP_445679,41135110.0,True,0.0,330.5422058105469,141.07147216796875,0.3953488372093023,3551.158203125,False,0.0,0.0,False
TRIP_445714,41570108.0,True,3.0,593.2971801757812,154.27635192871094,0.38461538461538464,3551.440185546875,False,0.0,0.0,False
TRIP_445718,11650106.0,True,0.0,495.264404296875,169.43284606933594,0.24324324324324326,3024.735107421875,False,0.0,0.0,False
TRIP_445758,28110147.0,True,1.0,1745.586669921875,1852.7103271484375,0.1,4126.6630859375,False,0.0,0.0,False
TRIP_445894,41287106.0,True,0.0,275.91558837890625,135.86009216308594,0.3225806451612903,2191.002197265625,False,0.0,0.0,False
TRIP_445926,41450109.0,True,4.0,4187.75146484375,990.0200805664062,0.10294117647058823,21339.35546875,False,0.0,0.0,False
TRIP_445980,11500112.0,True,1.0,347.8971862792969,129.2545166015625,0.3333333333333333,3551.158203125,False,0.0,0.0,False
TRIP_446015,41285102.0,True,0.0,357.5936584472656,141.0234375,0.3888888888888889,3964.015625,False,0.0,0.0,False
TRIP_446043,11500111.0,True,0.0,298.3302917480469,119.00890350341797,0.43333333333333335,3551.158203125,False,0.0,0.0,False
TRIP_446098,11170130.0,True,0.0,557.9658813476562,192.12490844726562,0.22641509433962265,3550.932861328125,False,0.0,0.0,False
TRIP_446128,11680110.0,True,0.0,351.11846923828125,149.5860595703125,0.30612244897959184,2030.6923828125,False,0.0,0.0,False
TRIP_446289,41480114.0,True,0.0,247.69989013671875,132.2810516357422,0.4142857142857143,2277.094970703125,False,0.0,0.0,False
TRIP_446423,41310107.0,True,0.0,1462.8388671875,879.0728759765625,0.14084507042253522,6008.38427734375,False,0.0,0.0,False
TRIP_446426,11620101.0,True,0.0,873.840576171875,285.6175231933594,0.21212121212121213,3135.476318359375,False,0.0,0.0,False
TRIP_446524,11470101.0,True,4.0,1337.123779296875,286.5323181152344,0.35294117647058826,5004.02197265625,False,0.0,0.0,False
TRIP_446534,41220250.0,True,5.0,3705.43701171875,2055.28564453125,0.10909090909090909,24646.31640625,False,0.0,0.0,False
TRIP_446566,11530101.0,True,3.0,879.0791015625,189.51364135742188,0.2653061224489796,4596.31494140625,False,0.0,0.0,False
TRIP_446588,11320107.0,True,1.0,223.4165802001953,147.22703552246094,0.34285714285714286,1292.1400146484375,False,0.0,0.0,False
TRIP_446609,11230102.0,True,3.0,450.5271911621094,251.65768432617188,0.23809523809523808,1609.0594482421875,False,0.0,0.0,False
TRIP_446612,11620102.0,True,0.0,231.8242645263672,98.66923522949219,0.5,1952.7137451171875,False,0.0,0.0,False
TRIP_446633,11140112.0,True,2.0,731.0899658203125,294.2222595214844,0.25,3550.932861328125,False,0.0,0.0,False
TRIP_446650,41463115.0,True,0.0,3515.254150390625,2207.701416015625,0.1111111111111111,11163.140625,False,0.0,0.0,False
TRIP_446652,41210106.0,True,0.0,486.8000183105469,205.339111328125,0.3392857142857143,3212.870849609375,False,0.0,0.0,False
TRIP_446670,28110147.0,True,0.0,2608.09912109375,1421.0865478515625,0.02702702702702703,6156.640625,False,0.0,0.0,False
TRIP_446782,11380101.0,True,2.0,608.1742553710938,177.9027862548828,0.2982456140350877,4367.19775390625,False,0.0,0.0,False
TRIP_446803,11590102.0,True,0.0,1564.0185546875,224.3092498779297,0.25,8226.17578125,False,0.0,0.0,False
TRIP_446903,11290134.0,True,4.0,183.12344360351562,100.81175994873047,0.49206349206349204,1179.9639892578125,False,0.0,0.0,False
TRIP_446954,11500105.0,True,3.0,336.05938720703125,148.37899780273438,0.25,2044.3311767578125,False,0.0,0.0,False
TRIP_447001,11290135.0,True,0.0,378.7873229980469,163.57322692871094,0.3469387755102041,3024.735107421875,False,0.0,0.0,False
TRIP_447029,11440107.0,True,0.0,376.1706237792969,172.8289031982422,0.2926829268292683,2114.62744140625,False,0.0,0.0,False
TRIP_447112,41570253.0,True,2.0,2285.510498046875,1146.0421142578125,0.1794871794871795,9938.8642578125,False,0.0,0.0,False
TRIP_447173,11350103.0,True,0.0,342.3108215332031,128.98226928710938,0.39655172413793105,3267.361083984375,False,0.0,0.0,False
TRIP_447177,11230104.0,True,2.0,633.0478515625,213.94873046875,0.2571428571428571,3550.932861328125,False,0.0,0.0,False
TRIP_447195,11740107.0,True,0.0,247.97471618652344,120.09481811523438,0.41818181818181815,1912.6295166015625,False,0.0,0.0,False
TRIP_447221,11680107.0,True,4.0,1736.3408203125,445.1324768066406,0.2875,6195.859375,False,0.0,0.0,False
TRIP_447272,11740108.0,True,0.0,262.09808349609375,73.19824981689453,0.574468085106383,3550.932861328125,False,0.0,0.0,False
TRIP_447297,41550250.0,True,1.0,550.4006958007812,254.76022338867188,0.16666666666666666,3671.68017578125,False,0.0,0.0,False
TRIP_447438,11500108.0,True,0.0,358.5088806152344,148.4163818359375,0.3,3551.158203125,False,0.0,0.0,False
TRIP_447501,28110147.0,True,2.0,761.156494140625,603.6974487304688,0.0,1388.7115478515625,False,0.0,0.0,False
TRIP_447563,11680103.0,True,1.0,286.89447021484375,126.21924591064453,0.42,1883.8936767578125,False,0.0,0.0,False
TRIP_447588,11740108.0,True,1.0,516.9476928710938,138.6841278076172,0.3235294117647059,2548.481201171875,False,0.0,0.0,False
TRIP_447620,11215101.0,True,0.0,588.2639770507812,206.35406494140625,0.21875,4525.91796875,False,0.0,0.0,False
TRIP_447662,11200118.0,True,0.0,515.7904052734375,282.10675048828125,0.26666666666666666,2660.419921875,False,0.0,0.0,False
TRIP_447692,28260109.0,True,2.0,303.5008239746094,124.13280487060547,0.42424242424242425,1339.7197265625,False,0.0,0.0,False
TRIP_447724,11590107.0,True,0.0,357.3488464355469,144.7579803466797,0.40384615384615385,3550.932861328125,False,0.0,0.0,False
TRIP_447727,28110147.0,True,1.0,189.40228271484375,112.24375915527344,0.42105263157894735,1171.483642578125,False,0.0,0.0,False
TRIP_447729,11305101.0,True,2.0,170.86692810058594,115.3191909790039,0.43902439024390244,893.8202514648438,False,0.0,0.0,False
TRIP_447761,11545102.0,True,0.0,1345.6859130859375,517.7354125976562,0.13043478260869565,6378.0390625,False,0.0,0.0,False
TRIP_447803,11200114.0,True,0.0,646.1378784179688,358.70184326171875,0.25,2568.22314453125,False,0.0,0.0,False
TRIP_447804,11320108.0,True,0.0,746.208740234375,125.14542388916016,0.42857142857142855,5485.36279296875,False,0.0,0.0,False
TRIP_447825,41190114.0,True,2.0,568.765869140625,300.04522705078125,0.22,3564.36865234375,False,0.0,0.0,False
TRIP_447839,41281128.0,True,1.0,361.0244140625,94.07180786132812,0.5,3551.158203125,False,0.0,0.0,False
TRIP_447873,28110147.0,True,0.0,3886.186767578125,4482.7783203125,0.10344827586206896,6490.1650390625,False,0.0,0.0,False
TRIP_447906,28110147.0,True,0.0,394.7693786621094,190.38429260253906,0.15789473684210525,2180.16455078125,False,0.0,0.0,False
TRIP_447923,41550250.0,True,0.0,4545.09521484375,706.92431640625,0.25757575757575757,17680.5859375,False,0.0,0.0,False
TRIP_447927,11470102.0,True,0.0,254.18711853027344,116.59403228759766,0.4166666666666667,2353.467529296875,False,0.0,0.0,False
TRIP_447953,11230108.0,True,1.0,277.3171081542969,85.07054901123047,0.5535714285714286,3550.932861328125,False,0.0,0.0,False
TRIP_447969,11200112.0,True,4.0,361.3045654296875,93.60222625732422,0.5517241379310345,5259.13232421875,False,0.0,0.0,False
TRIP_447975,11290103.0,True,1.0,375.9527893066406,156.849365234375,0.32608695652173914,3550.932861328125,False,0.0,0.0,False
TRIP_448005,41830380.0,True,2.0,15618.8876953125,9594.7216796875,0.1,68121.78125,False,0.0,0.0,False
TRIP_448115,11530101.0,True,4.0,1248.77099609375,208.9210968017578,0.2727272727272727,5569.67236328125,False,0.0,0.0,False
TRIP_448224,11260103.0,True,2.0,165.41854858398438,129.01986694335938,0.43283582089552236,537.3428955078125,False,0.0,0.0,False
TRIP_448247,11305103.0,True,0.0,395.80810546875,134.92233276367188,0.32051282051282054,3550.932861328125,False,0.0,0.0,False
TRIP_448249,11215103.0,True,3.0,703.9205932617188,523.9415283203125,0.19230769230769232,2462.464111328125,False,0.0,0.0,False
TRIP_448308,11290134.0,True,1.0,357.9325256347656,211.85806274414062,0.3055555555555556,4137.3037109375,False,0.0,0.0,False
TRIP_448329,11500111.0,True,0.0,284.5433654785156,119.00890350341797,0.3793103448275862,3551.158203125,False,0.0,0.0,False
TRIP_448337,11680107.0,True,1.0,194.69871520996094,85.90290832519531,0.5,832.8869018554688,False,0.0,0.0,False
TRIP_448340,11680103.0,True,2.0,307.99072265625,131.97862243652344,0.47540983606557374,4082.3232421875,False,0.0,0.0,False
TRIP_448350,11560115.0,True,4.0,282.5873107910156,119.39054870605469,0.44,3183.640380859375,False,0.0,0.0,False
TRIP_448430,28110147.0,True,0.0,690.8849487304688,689.3312377929688,0.3333333333333333,1912.6295166015625,False,0.0,0.0,False
TRIP_448488,11500111.0,True,0.0,622.5310668945312,192.69139099121094,0.27586206896551724,5259.56396484375,False,0.0,0.0,False
TRIP_448521,41287106.0,True,0.0,242.61497497558594,113.64259338378906,0.48214285714285715,1952.7137451171875,False,0.0,0.0,False
TRIP_448534,28110147.0,True,1.0,528.429931640625,341.8869934082031,0.21739130434782608,1608.6324462890625,False,0.0,0.0,False
TRIP_448631,11320107.0,True,2.0,603.1924438476562,221.87864685058594,0.20454545454545456,3861.8232421875,False,0.0,0.0,False
TRIP_448694,41220256.0,True,1.0,2370.546875,528.6443481445312,0.23809523809523808,12582.462890625,False,0.0,0.0,False
TRIP_448696,11110157.0,True,3.0,232.82412719726562,97.91338348388672,0.52,1873.22607421875,False,0.0,0.0,False
TRIP_448703,28110145.0,True,0.0,290.8562927246094,196.76004028320312,0.22727272727272727,745.579345703125,False,0.0,0.0,False
TRIP_448714,11590107.0,True,2.0,201.55894470214844,95.52008819580078,0.5,1647.0277099609375,False,0.0,0.0,False
TRIP_448796,11500111.0,True,1.0,329.9757080078125,147.87741088867188,0.3225806451612903,3550.932861328125,False,0.0,0.0,False
TRIP_448945,11530102.0,True,2.0,1050.0390625,516.4647827148438,0.21818181818181817,5150.39501953125,False,0.0,0.0,False
TRIP_448963,41550340.0,True,5.0,4933.68408203125,807.723876953125,0.22077922077922077,29947.111328125,False,0.0,0.0,False
TRIP_449041,11500108.0,True,0.0,297.3001403808594,96.78272247314453,0.5454545454545454,3550.932861328125,False,0.0,0.0,False
TRIP_449102,28237106.0,True,0.0,1150.478759765625,239.6636962890625,0.2127659574468085,13720.474609375,False,0.0,0.0,False
TRIP_449135,41281123.0,True,0.0,347.1645202636719,144.28489685058594,0.30357142857142855,2318.861328125,False,0.0,0.0,False
TRIP_449177,11305101.0,True,0.0,181.6623992919922,101.87272644042969,0.49122807017543857,1502.274658203125,False,0.0,0.0,False
TRIP_449180,11710104.0,True,0.0,330.31512451171875,140.65109252929688,0.3103448275862069,1873.22607421875,False,0.0,0.0,False
TRIP_449212,28260122.0,True,5.0,353.1885070800781,126.079833984375,0.3157894736842105,3564.36865234375,False,0.0,0.0,False
TRIP_449265,11380109.0,True,1.0,375.42724609375,122.3311767578125,0.42424242424242425,3598.958984375,False,0.0,0.0,False
TRIP_449290,41210103.0,True,1.0,1011.981689453125,471.3041687011719,0.20967741935483872,5150.39501953125,False,0.0,0.0,False
TRIP_449300,11545103.0,True,0.0,765.4907836914062,193.1331787109375,0.2647058823529412,3631.4228515625,False,0.0,0.0,False
TRIP_449313,11740108.0,True,1.0,389.7941589355469,105.95323944091797,0.40350877192982454,3550.932861328125,False,0.0,0.0,False
TRIP_449368,28110147.0,True,2.0,580.7017822265625,98.1603775024414,0.5625,3550.238525390625,False,0.0,0.0,False
TRIP_449448,41285106.0,True,0.0,1456.7044677734375,288.7391357421875,0.19047619047619047,5091.24169921875,False,0.0,0.0,False
TRIP_449494,11620102.0,True,0.0,235.0831756591797,96.78272247314453,0.5178571428571429,2259.722900390625,False,0.0,0.0,False
TRIP_449507,41610111.0,True,0.0,11393.35546875,12619.9169921875,0.014925373134328358,21980.755859375,False,0.0,0.0,False
TRIP_449560,28245103.0,True,1.0,990.4564208984375,332.34698486328125,0.12280701754385964,3564.36865234375,False,0.0,0.0,False
TRIP_449725,41390130.0,True,3.0,958.7908325195312,544.3241577148438,0.12121212121212122,5137.4228515625,False,0.0,0.0,False
TRIP_449745,11140174.0,True,1.0,422.98162841796875,134.27317810058594,0.4,2915.36474609375,False,0.0,0.0,False
TRIP_449779,41360102.0,True,4.0,391.0059509277344,137.60250854492188,0.3023255813953488,6841.93505859375,False,0.0,0.0,False
TRIP_449840,11350105.0,True,0.0,779.5562744140625,225.88790893554688,0.2631578947368421,4829.44140625,False,0.0,0.0,False
TRIP_449850,11410120.0,True,3.0,781.9147338867188,410.8752746582031,0.1276595744680851,4500.5322265625,False,0.0,0.0,False
TRIP_449864,11620102.0,True,0.0,267.45672607421875,123.17062377929688,0.34545454545454546,3550.932861328125,False,0.0,0.0,False
TRIP_449905,28200103.0,True,0.0,9829.814453125,5197.77978515625,0.07692307692307693,24973.515625,False,0.0,0.0,False
TRIP_449911,11560110.0,True,2.0,219.51388549804688,126.61800384521484,0.3111111111111111,1568.1005859375,False,0.0,0.0,False
TRIP_450054,28260110.0,True,1.0,1250.107421875,195.94810485839844,0.18421052631578946,6000.6455078125,False,0.0,0.0,False
TRIP_450078,28110147.0,True,0.0,374.29913330078125,80.48079681396484,0.5384615384615384,1302.5648193359375,False,0.0,0.0,False
TRIP_450083,11620101.0,True,1.0,373.4033203125,134.27317810058594,0.3333333333333333,2696.49365234375,False,0.0,0.0,False
TRIP_450088,41287105.0,True,2.0,844.17822265625,513.4616088867188,0.22580645161290322,2980.413330078125,False,0.0,0.0,False
TRIP_450116,11230106.0,True,4.0,840.1514282226562,128.44308471679688,0.46,4746.59521484375,False,0.0,0.0,False
TRIP_450219,11500110.0,True,0.0,327.62261962890625,135.67178344726562,0.4117647058823529,2259.722900390625,False,0.0,0.0,False
TRIP_450224,11500108.0,True,0.0,271.23492431640625,105.41029357910156,0.4864864864864865,3598.958984375,False,0.0,0.0,False
TRIP_450257,28110147.0,True,0.0,689.8472900390625,535.9713745117188,0.05555555555555555,2177.02001953125,False,0.0,0.0,False
TRIP_450261,41287102.0,True,0.0,187.08021545410156,98.54193878173828,0.5102040816326531,1912.6295166015625,False,0.0,0.0,False
TRIP_450278,11440102.0,True,3.0,302.5049743652344,127.16864776611328,0.38461538461538464,3550.932861328125,False,0.0,0.0,False
TRIP_450300,41550380.0,True,4.0,4319.4658203125,1172.3565673828125,0.2,17127.74609375,False,0.0,0.0,False
TRIP_450316,11410113.0,True,0.0,462.6466979980469,130.5883331298828,0.3939393939393939,3035.6044921875,False,0.0,0.0,False
TRIP_450363,41190120.0,True,5.0,304.1804504394531,112.34514617919922,0.42105263157894735,1952.7137451171875,False,0.0,0.0,False
TRIP_450381,28110147.0,True,0.0,515.0751342773438,126.7919692993164,0.391304347826087,3551.84423828125,False,0.0,0.0,False
TRIP_450548,11290135.0,True,0.0,283.62738037109375,126.7070083618164,0.45,2066.457275390625,False,0.0,0.0,False
TRIP_450557,11290101.0,True,0.0,202.83203125,111.19302368164062,0.47692307692307695,2023.663818359375,False,0.0,0.0,False
TRIP_450595,11320107.0,True,0.0,255.67311096191406,99.13102722167969,0.5,4454.33642578125,False,0.0,0.0,False
TRIP_450621,41220256.0,True,1.0,3287.606689453125,412.8025817871094,0.2222222222222222,12541.796875,False,0.0,0.0,False
TRIP_450652,11680101.0,True,2.0,215.31805419921875,103.98474884033203,0.4725274725274725,2140.158203125,False,0.0,0.0,False
TRIP_450668,41287106.0,True,2.0,293.399658203125,129.08685302734375,0.4426229508196721,3045.239990234375,False,0.0,0.0,False
TRIP_450732,11500105.0,True,2.0,448.8869934082031,290.6336669921875,0.1643835616438356,2232.539306640625,False,0.0,0.0,False
TRIP_450886,41135103.0,True,0.0,2042.48974609375,1359.3839111328125,0.045454545454545456,6663.65185546875,False,0.0,0.0,False
TRIP_450897,28110147.0,True,3.0,607.5014038085938,160.9208984375,0.18181818181818182,1343.9471435546875,False,0.0,0.0,False
TRIP_450921,11560110.0,True,4.0,415.7832336425781,164.25193786621094,0.2413793103448276,3005.3388671875,False,0.0,0.0,False
TRIP_450924,11215101.0,True,1.0,589.1775512695312,280.8642578125,0.2608695652173913,4136.85546875,False,0.0,0.0,False
TRIP_451065,11440110.0,True,2.0,406.9787902832031,129.96627807617188,0.42,3550.932861328125,False,0.0,0.0,False
TRIP_451076,11650107.0,True,3.0,342.45989990234375,106.80488586425781,0.43902439024390244,6849.18505859375,False,0.0,0.0,False
TRIP_451165,11500105.0,True,4.0,3671.83642578125,3441.18603515625,0.09523809523809523,10014.103515625,False,0.0,0.0,False
TRIP_451234,41550340.0,True,4.0,7477.25341796875,2023.663818359375,0.15492957746478872,30102.158203125,False,0.0,0.0,False
TRIP_451245,41461259.0,True,1.0,3379.25390625,757.452880859375,0.22448979591836735,16001.0458984375,False,0.0,0.0,False
TRIP_451318,11590101.0,True,0.0,236.74574279785156,80.46673583984375,0.5769230769230769,3550.932861328125,False,0.0,0.0,False
TRIP_451330,41461259.0,True,0.0,4221.1240234375,597.8404541015625,0.1875,17547.849609375,False,0.0,0.0,False
TRIP_451335,11380107.0,True,4.0,386.9447937011719,128.6077117919922,0.358974358974359,3550.932861328125,False,0.0,0.0,False
TRIP_451340,28110147.0,True,2.0,935.4321899414062,918.533935546875,0.16,2659.197998046875,False,0.0,0.0,False
TRIP_451352,11200114.0,True,1.0,1697.401611328125,307.4178771972656,0.2676056338028169,6893.93896484375,False,0.0,0.0,False
TRIP_451421,11650101.0,True,0.0,306.4067687988281,92.86631774902344,0.52,3551.158203125,False,0.0,0.0,False
TRIP_451425,28260122.0,True,2.0,9144.0126953125,8979.6611328125,0.0,20498.01171875,False,0.0,0.0,False
TRIP_451543,41173101.0,True,0.0,271.6092224121094,222.8751678466797,0.3333333333333333,994.742919921875,False,0.0,0.0,False
TRIP_451548,11680101.0,True,1.0,317.7702331542969,152.47543334960938,0.38235294117647056,2066.457275390625,False,0.0,0.0,False
TRIP_451593,11680118.0,True,2.0,417.907470703125,172.98048400878906,0.3142857142857143,2044.218994140625,False,0.0,0.0,False
TRIP_451637,41390104.0,True,2.0,2416.449462890625,208.9210968017578,0.34146341463414637,16809.73046875,False,0.0,0.0,False
TRIP_451676,11680104.0,True,4.0,589.3919067382812,158.8246612548828,0.23529411764705882,2211.637451171875,False,0.0,0.0,False
TRIP_451677,11305103.0,True,3.0,914.14501953125,447.0654296875,0.1774193548387097,3550.932861328125,False,0.0,0.0,False
TRIP_451760,41171101.0,True,2.0,1940.047119140625,833.526611328125,0.08771929824561403,6745.00830078125,False,0.0,0.0,False
TRIP_451773,11170129.0,True,0.0,324.7237548828125,124.06098937988281,0.3617021276595745,3550.932861328125,False,0.0,0.0,False
TRIP_451814,11500108.0,True,0.0,323.8518371582031,173.2828826904297,0.23529411764705882,2094.482421875,False,0.0,0.0,False
TRIP_451840,41820325.0,True,4.0,389.02154541015625,181.18081665039062,0.2,2723.0771484375,False,0.0,0.0,False
TRIP_451852,11290138.0,True,2.0,226.60409545898438,156.20347595214844,0.38596491228070173,1682.67529296875,False,0.0,0.0,False
TRIP_451949,41610102.0,True,5.0,250.93231201171875,131.90762329101562,0.4177215189873418,1667.200439453125,False,0.0,0.0,False
TRIP_452037,11710104.0,True,2.0,365.4114074707031,142.01292419433594,0.3111111111111111,2228.387451171875,False,0.0,0.0,False
TRIP_452071,11740103.0,True,0.0,227.7690887451172,110.47341918945312,0.4457831325301205,2008.149169921875,False,0.0,0.0,False
TRIP_452103,11710101.0,True,1.0,260.6221618652344,118.0926742553711,0.42528735632183906,2009.517333984375,False,0.0,0.0,False
TRIP_452142,41310101.0,True,3.0,571.5003662109375,97.99024200439453,0.5063291139240507,4388.64306640625,False,0.0,0.0,False
TRIP_452216,11305101.0,True,4.0,752.1820678710938,278.983642578125,0.2,4096.5146484375,False,0.0,0.0,False
TRIP_452267,11500105.0,True,0.0,297.2206115722656,159.3166046142578,0.40476190476190477,2322.669189453125,False,0.0,0.0,False
TRIP_452393,11380107.0,True,0.0,467.9623718261719,144.7579803466797,0.23214285714285715,4350.5107421875,False,0.0,0.0,False
TRIP_452415,11680108.0,True,4.0,473.5434875488281,150.4252471923828,0.3333333333333333,3598.958984375,False,0.0,0.0,False
TRIP_452421,11440122.0,True,0.0,909.3464965820312,536.9666748046875,0.225,2637.770751953125,False,0.0,0.0,False
TRIP_452557,11545102.0,True,0.0,325.4088439941406,129.0560760498047,0.41935483870967744,2764.15869140625,False,0.0,0.0,False
TRIP_452682,28260109.0,True,5.0,760.962646484375,181.9320068359375,0.2916666666666667,10894.42578125,False,0.0,0.0,False
TRIP_452686,28110147.0,True,1.0,323.42962646484375,311.8935241699219,0.2,760.74462890625,False,0.0,0.0,False
TRIP_452717,11650103.0,True,5.0,492.04888916015625,104.13681030273438,0.47368421052631576,3550.932861328125,False,0.0,0.0,False
TRIP_452727,28110147.0,True,1.0,1969.87890625,1031.4263916015625,0.03571428571428571,5759.2958984375,False,0.0,0.0,False
TRIP_452752,11290134.0,True,4.0,842.4690551757812,386.75262451171875,0.16666666666666666,3296.5009765625,False,0.0,0.0,False
TRIP_452796,41670370.0,True,3.0,18320.87890625,20000.556640625,0.1111111111111111,37200.62890625,False,0.0,0.0,False
TRIP_452800,28110147.0,True,0.0,2296.234619140625,2798.80419921875,0.03333333333333333,4256.05859375,False,0.0,0.0,False
TRIP_452806,41220105.0,True,1.0,5222.83642578125,450.5772399902344,0.24074074074074073,22072.681640625,False,0.0,0.0,False
TRIP_452833,11230110.0,True,2.0,785.1096801757812,332.6784973144531,0.21428571428571427,3550.932861328125,False,0.0,0.0,False
TRIP_452880,41287104.0,True,0.0,568.1317138671875,273.0552978515625,0.043478260869565216,3564.36865234375,False,0.0,0.0,False
TRIP_452883,11350106.0,True,0.0,317.99261474609375,117.24090576171875,0.3559322033898305,3550.932861328125,False,0.0,0.0,False
TRIP_452922,11560118.0,True,0.0,182.51588439941406,128.2649688720703,0.4444444444444444,1873.22607421875,False,0.0,0.0,False
TRIP_452959,41210106.0,True,1.0,213.95265197753906,121.52098083496094,0.4358974358974359,2790.20166015625,False,0.0,0.0,False
TRIP_453023,11230102.0,True,2.0,387.0909118652344,151.62034606933594,0.2903225806451613,2281.636474609375,False,0.0,0.0,False
TRIP_453086,11350105.0,True,1.0,375.5068664550781,152.03196716308594,0.2545454545454545,3550.932861328125,False,0.0,0.0,False
