TRIP_NO,route_index,mean_distance,median_distance,max_distance,inlier_ratio,num_routes
TRIP_430377,3,574.6896510838845,171.558384628243,2822.766452101509,0.3283582089552239,6
TRIP_430379,0,301.5322612541813,92.47482807376366,3420.575700033235,0.5789473684210527,6
TRIP_430444,0,186.1693822785469,95.59202262941102,1635.8607035682492,0.5405405405405406,6
TRIP_430450,5,197.79998114401587,65.52628923433176,1802.6264734370814,0.6527777777777778,6
TRIP_430495,0,249.5268764022987,56.290772484692326,3501.4722709438597,0.6984126984126984,6
TRIP_430514,0,1302.073632184312,201.47872487763118,5755.201354505219,0.38636363636363635,6
TRIP_430531,5,515.3061412449008,209.1915197719974,2169.789569312141,0.36585365853658536,6
TRIP_430537,3,208.32228704788403,91.69419603712768,1834.1721635456618,0.546875,6
TRIP_430624,5,487.5403989054146,118.84897589968708,3385.6179558710623,0.4727272727272727,6
TRIP_430664,0,180.6111144466256,118.2686474400877,1834.1721635456618,0.45588235294117646,6
TRIP_430680,0,389.0584344357024,190.3436678483942,1347.3395074514551,0.38095238095238093,6
TRIP_430724,0,360.8497556757121,93.09554325439277,3511.0101692097182,0.5757575757575758,6
TRIP_430810,2,210.59602773893053,106.08052378742255,2011.571022695631,0.5,6
TRIP_430859,0,283.3939528878787,141.77967902381792,2666.6127397999817,0.3333333333333333,6
TRIP_430950,2,259.80809543977864,92.90948642930073,1834.1721635456618,0.5079365079365079,6
TRIP_430955,3,1033.5078727055509,172.83880404984146,7136.20669653884,0.3877551020408163,6
TRIP_430973,5,1020.3753502143453,223.25011241218536,5148.515266969754,0.3076923076923077,6
TRIP_431002,4,328.39814041805687,128.96599734359813,1609.758612288287,0.4523809523809524,6
TRIP_431035,1,507.580623599387,95.64671295344448,3501.4722709438597,0.625,6
TRIP_431080,4,277.50687802942053,46.87225516515913,4127.623244641956,0.6224489795918368,6
TRIP_431105,0,251.11508751533967,119.62770464685609,2011.7781245219073,0.4626865671641791,6
TRIP_431150,0,147.08086211294696,47.22429666071247,1873.7065663864666,0.7733333333333333,6
TRIP_431221,2,1135.7175996223311,152.76230233397087,5140.452010908884,0.40816326530612246,6
TRIP_431259,5,271.6871497898172,63.77812709645599,3545.8656304873657,0.5609756097560976,6
TRIP_431277,0,162.7950323559626,30.914145089239263,1947.8722450865916,0.7068965517241379,6
TRIP_431296,1,430.79689597592994,169.13731819724237,2100.3315146640825,0.42105263157894735,6
TRIP_431343,4,558.5299498557214,157.93143149838133,3516.9349019451524,0.38596491228070173,6
TRIP_431374,0,763.1984067975544,366.6896795535261,2382.757894286209,0.34146341463414637,6
TRIP_431377,0,186.2935995639742,67.49769253036811,1839.7037702182333,0.6176470588235294,6
TRIP_431381,3,285.9767581150235,109.42535777139685,3434.474352935867,0.4918032786885246,6
TRIP_431422,0,300.9073095922319,134.90405962567982,3433.420833594776,0.4574468085106383,6
TRIP_431480,0,290.74525567102233,123.24286970652346,2327.6703984097194,0.4107142857142857,6
TRIP_431492,2,4759.823848339686,359.29133248661145,20898.645302148274,0.3088235294117647,6
TRIP_431513,3,704.0747332339422,523.421379270582,2666.6127397999817,0.23529411764705882,6
TRIP_431549,5,214.85141485975115,64.46762002029043,2115.3033517510985,0.6190476190476191,6
TRIP_431658,1,600.9369841263775,150.6490318848883,3400.380876905497,0.34210526315789475,6
TRIP_431669,1,284.08783644173167,126.60994446631689,3520.1591864367533,0.43283582089552236,6
TRIP_431720,1,404.55996321638247,100.63053301007044,3468.622253709411,0.49019607843137253,6
TRIP_431741,0,236.74081971232428,111.98718103605376,2666.6127397999817,0.4925373134328358,6
TRIP_431785,1,361.35924451240334,93.30342804632332,2170.220258337682,0.5303030303030303,6
TRIP_431786,1,255.86878538153388,106.8616773378569,2011.95645167009,0.4745762711864407,6
TRIP_431800,3,208.47382169833634,88.87638757598636,2366.4831590745735,0.5268817204301075,6
TRIP_431867,5,521.4869897560726,235.59100271801867,1918.3542754921746,0.375,6
TRIP_431937,1,4116.562135085751,531.6163050216014,25161.6728189376,0.3333333333333333,4
TRIP_431960,1,194.60576771838376,76.90363008758237,3140.2469724971897,0.6140350877192983,6
TRIP_432060,2,244.72750486157275,150.6009553771676,1803.6618615505245,0.4107142857142857,6
TRIP_432124,1,524.9622770277232,110.74050402901956,3372.3382013784676,0.4666666666666667,2
TRIP_432151,3,525.9652292946932,187.5010081936992,2466.455642739096,0.42105263157894735,6
TRIP_432229,1,893.1919690701169,108.1922926562415,5178.044856862696,0.4666666666666667,6
TRIP_432232,0,625.3430719752231,158.33623145059752,5728.385032052652,0.38095238095238093,6
TRIP_432340,2,1439.3533360494303,163.8913120631196,6052.557615998381,0.4583333333333333,6
TRIP_432381,2,172.55508141010446,41.643415410721495,1932.140192557706,0.6956521739130435,6
TRIP_432445,0,191.6591902559256,89.17293516118887,2110.9554000526045,0.5584415584415584,6
TRIP_432566,0,566.921340979513,180.7202400458258,2324.7136892339818,0.3541666666666667,6
TRIP_432603,1,174.5012274564301,106.53412100416554,1395.4565369162099,0.5,6
TRIP_432623,0,223.67799021955935,98.32047500257067,3730.5364332345944,0.5066666666666667,6
TRIP_432653,1,399.9484527306722,110.13668419794482,3932.1841253971165,0.4925373134328358,6
TRIP_432698,5,2335.585920021257,961.7523241837324,7600.218947006943,0.20588235294117646,6
TRIP_432741,1,927.0339379846029,135.08132380798895,5805.026468505427,0.4666666666666667,6
TRIP_432935,0,279.3709499210278,90.17912699836637,2205.3313737662425,0.5660377358490566,6
TRIP_432991,3,342.3682929903846,202.97085206330445,1734.897654832363,0.16981132075471697,6
TRIP_433150,1,506.53146357625934,177.6541017713441,4128.920761547901,0.3611111111111111,6
TRIP_433178,1,33306.210657229094,41317.757812396005,50430.83676063806,0.02631578947368421,6
TRIP_433237,4,779.5812852915744,121.87001188774344,4964.372639967342,0.38271604938271603,6
TRIP_433255,3,196.57968524569952,38.03554610187267,2134.4092820544215,0.6823529411764706,6
TRIP_433321,0,2092.879038060973,762.9038762120572,6161.126528305548,0.16176470588235295,6
TRIP_433359,0,555.2294794905378,390.40015909631535,2962.457367509834,0.23178807947019867,4
TRIP_433384,0,350.66310939474147,87.26929960530192,2933.520715671674,0.5641025641025641,6
TRIP_433457,0,216.90593001157222,21.118222992274575,4175.946523129137,0.7411764705882353,6
TRIP_433526,2,257.2556816640224,122.65660177429805,1736.05381757319,0.4857142857142857,6
TRIP_433532,2,1791.701423209602,173.54674472211127,15865.761783436748,0.1511627906976744,5
TRIP_433611,5,2037.6313889300302,257.0012022340234,10816.732612859325,0.30612244897959184,6
TRIP_433706,1,385.757593895675,316.03703967954624,2266.115296757084,0.1518987341772152,6
TRIP_433719,0,174.7892342658234,88.71050698433373,872.5799122472052,0.5294117647058824,6
TRIP_433752,2,4927.191387490223,426.6256005296733,17230.284772386127,0.32926829268292684,6
TRIP_433773,1,885.8015828339485,996.1848462958287,3434.474352935867,0.18604651162790697,3
TRIP_433803,0,329.041347764952,171.17954626971138,1873.7065663864666,0.3170731707317073,6
TRIP_433824,0,654.8877147491307,133.8943310855279,3482.037737870764,0.4166666666666667,5
TRIP_433830,5,187.49234346141836,77.6341936662602,1803.1040703039337,0.6702127659574468,6
TRIP_433838,1,507.14738295773657,203.87518818223197,2037.9815633903265,0.33962264150943394,6
TRIP_434079,5,407.18200561753645,151.2113461045005,2902.1677454456744,0.42424242424242425,6
TRIP_434097,3,603.8190146961741,235.01465671877034,2516.2462972695434,0.3,6
TRIP_434122,4,149.83446871188485,155.57801826670885,434.88022614976677,0.39285714285714285,6
TRIP_434132,4,169.5777018642937,90.33052984560737,1913.7306676556707,0.5616438356164384,6
TRIP_434245,5,83.09997456315764,17.875201869073408,511.8729020863738,0.7692307692307693,6
TRIP_434296,0,468.19742416014424,164.08332099766693,3468.622253709411,0.34375,6
TRIP_434533,0,2244.4779973412305,2623.717653121458,4080.225197574038,0.15151515151515152,6
TRIP_434586,4,488.1358718664598,148.9871272845325,3420.575700033235,0.4533333333333333,6
TRIP_434612,2,1240.619372905825,979.6707176614244,3173.299587566151,0.26732673267326734,6
TRIP_434730,0,487.65074477021824,54.895373272567106,3542.340478070557,0.65,6
TRIP_434812,4,456.3969598376905,97.5171361747308,2581.318165871148,0.5588235294117647,6
TRIP_434866,0,199.17841148568473,82.51308456713424,4175.716757156986,0.5757575757575758,6
TRIP_434874,3,1166.3143171725526,517.3261814285647,4883.130977214323,0.14814814814814814,6
TRIP_434959,3,381.74886874693084,149.97786199181394,2785.698450708787,0.36363636363636365,6
TRIP_434960,0,130.30066695666483,31.683011880637665,3420.575700033235,0.8051948051948052,6
TRIP_434992,2,886.2114626117901,94.3328723043961,4600.139392596667,0.5405405405405406,6
TRIP_435045,3,207.450805608091,134.08445682166945,1859.876516744354,0.42857142857142855,6
TRIP_435073,4,129.93452362417457,81.28456763751254,929.0004260387559,0.5531914893617021,6
TRIP_435077,5,587.271817324149,242.2246815353003,3385.6179558710623,0.2926829268292683,6
TRIP_435080,0,152.99796361476578,58.50897710559717,1806.1768854235331,0.5979381443298969,6
TRIP_435095,3,519.9494514910612,75.53706297743952,7112.034945224624,0.5816326530612245,6
TRIP_435233,0,234.02046494499086,63.47716577455836,1574.1878985063743,0.5645161290322581,6
TRIP_435236,1,429.2524991450956,108.48639707387817,2344.9676031194062,0.49411764705882355,6
TRIP_435344,2,178.53628995188222,94.82449338908876,1482.3257946863575,0.5714285714285714,6
TRIP_435403,0,58.96094073544904,25.692250006908104,343.14202974000193,0.7936507936507936,6
TRIP_435480,2,609.4031325857615,373.58873967813986,3571.2468542754946,0.358974358974359,6
TRIP_435523,0,199.6394359291678,65.80345878524545,2666.6127397999817,0.6144578313253012,6
TRIP_435569,1,477.95952858887995,91.81012585169411,2958.204636443714,0.5111111111111111,6
TRIP_435591,5,358.60530922088356,94.88816013292974,3511.0101692097182,0.5416666666666666,6
TRIP_435617,4,2470.0427907016156,823.5532712246775,12223.99524729648,0.25,6
TRIP_435711,0,277.035677976023,75.95180769134132,2216.7274361381274,0.5853658536585366,6
TRIP_435747,0,98.71181481623697,22.809917755865225,3448.2358336765965,0.8571428571428571,6
TRIP_435749,0,2174.6342932099915,280.95222874799447,9259.304624427561,0.24175824175824176,6
TRIP_435761,5,338.14090930798744,149.37271513535217,2716.273821822709,0.40384615384615385,6
TRIP_435771,0,264.8209968980154,69.23340303595322,3482.57990341332,0.5844155844155844,6
TRIP_435880,0,433.6756371802566,154.12243588040795,4847.905848776591,0.4634146341463415,6
TRIP_435894,2,479.68722178503066,234.70187013800822,2626.786619448761,0.30434782608695654,6
TRIP_436046,0,227.53491689314237,121.09459535160632,1834.1721635456618,0.45588235294117646,6
TRIP_436116,0,162.84796400529348,78.43325172189653,1442.6279203543925,0.5978260869565217,6
TRIP_436229,0,665.7593100839304,513.2890509968456,2175.383128260597,0.2872340425531915,6
TRIP_436234,2,373.3131205773294,94.82449338908876,2673.309716955513,0.5128205128205128,6
TRIP_436243,0,51.11544031963186,38.92937540886483,276.2130031461548,0.8191489361702128,6
TRIP_436284,2,216.33927406048497,138.83483775269758,1083.7836256833823,0.38461538461538464,6
TRIP_436295,1,439.9101570807298,98.12840305019246,1439.415132169666,0.5263157894736842,5
TRIP_436307,5,111.49849220293432,101.92341876925921,392.85072921740823,0.4925373134328358,6
TRIP_436310,0,445.57100777849615,188.97151886398296,3501.4722709438597,0.3684210526315789,6
TRIP_436330,5,9420.47020696657,12483.505692177649,21937.422302924933,0.1171875,6
TRIP_436553,3,323.62375652546564,204.99940315487754,872.6912169119823,0.3076923076923077,5
TRIP_436725,3,327.79860990266684,90.33337731354094,3501.4722709438597,0.5135135135135135,6
TRIP_436823,4,974.1723440502602,343.3820701072784,3559.0240791865417,0.3020833333333333,6
TRIP_436848,0,208.7062288655133,96.15453275041611,2018.996374750047,0.525,6
TRIP_436859,0,94.33200033933967,28.72290870037388,890.5185029795147,0.7934782608695652,6
TRIP_436888,4,560.2702582600408,146.66998444100835,3492.7088110668114,0.29850746268656714,6
TRIP_436894,4,255.18511145530533,147.27733080100057,1648.0635067939709,0.46875,6
TRIP_437005,0,2905.200550960581,1625.799606926536,9080.97741633824,0.14432989690721648,6
TRIP_437116,1,272.9423960145929,83.39191620458274,2051.568166870384,0.5581395348837209,6
TRIP_437162,1,101.41837981445701,28.426447772009514,902.1107125711334,0.7125,6
TRIP_437178,0,281.28102870093977,120.64776330190585,3420.575700033235,0.4696969696969697,6
TRIP_437180,0,1260.2182772707663,125.40678689354581,5913.033254381496,0.45263157894736844,6
TRIP_437215,3,1427.0691482142774,370.61494243641204,4988.871479653909,0.3148148148148148,6
TRIP_437219,0,195.50427288028385,127.9646757246926,2039.316000175918,0.4444444444444444,6
TRIP_437427,4,469.7615356208569,107.46749840575079,2716.301568311017,0.4766355140186916,6
TRIP_437516,2,329.8758454902518,145.05994031723458,4177.405419777109,0.4507042253521127,6
TRIP_437530,2,55.0905026061419,50.010933032748625,146.46497613847143,0.6666666666666666,4
TRIP_437535,1,124.69405041575764,87.44868241793648,668.0263010469223,0.55,6
TRIP_437590,1,665.3695338677467,304.28666772397173,2277.3346589779694,0.3617021276595745,6
TRIP_437609,1,159.5288147784458,71.08272190585417,1293.6676688917273,0.5625,4
TRIP_437622,2,192.78670821981666,59.19402416397445,2135.0545021082644,0.6025641025641025,6
TRIP_437714,0,11015.99996250015,15058.47314666795,21271.984373072686,0.1511627906976744,6
TRIP_437789,2,324.48210484490096,92.07353700787222,3434.474352935867,0.5465116279069767,6
TRIP_437828,0,336.55088054404007,206.37134145623645,1841.912967183461,0.34,6
TRIP_437842,3,182.92392013477817,17.316078154110595,1331.1132498498469,0.8823529411764706,6
TRIP_437863,5,304.7891589380063,53.76618658600725,2260.2269824103623,0.6851851851851852,6
TRIP_437870,0,322.9209176387161,75.0863630167934,3520.1591864367533,0.6428571428571429,6
TRIP_437880,0,203.9511033133667,75.57251494307638,1873.7065663864666,0.5517241379310345,6
TRIP_437928,0,223.2566374075376,148.49797991862803,2046.5972033742119,0.37735849056603776,6
TRIP_437950,2,394.6556618894976,182.0945867924304,1990.7049869032246,0.4067796610169492,6
TRIP_437968,4,358.34549375033794,54.36981761815825,996.5776963544201,0.6666666666666666,6
TRIP_437974,5,724.340741765453,102.45184356994582,5170.7477581618095,0.4782608695652174,6
TRIP_438003,0,82.00875694581624,23.971421690171567,2131.543295865413,0.7971014492753623,6
TRIP_438032,1,254.20395328816542,121.64836436952139,2666.6127397999817,0.40425531914893614,6
TRIP_438042,4,5380.229929616321,2579.2613812392,14957.510460144897,0.14634146341463414,6
TRIP_438161,0,272.0518001552981,136.18778819007076,1919.2653140920306,0.3625,6
TRIP_438185,2,764.595427386734,729.2521756381306,3482.037737870764,0.25,6
TRIP_438208,1,248.2296956690013,100.49785609747192,1995.1297228783828,0.49473684210526314,6
TRIP_438245,4,267.2640435327358,146.99281070757752,1561.9186258298623,0.42424242424242425,6
TRIP_438314,0,173.65050082235624,88.88267719791973,1873.7065663864666,0.625,6
TRIP_438323,2,395.59318724847776,168.68497014915135,2666.6127397999817,0.4074074074074074,6
TRIP_438336,0,456.7964574715721,118.73306946799151,3625.0577333529077,0.42105263157894735,6
TRIP_438341,3,210.65926148181694,111.81369621657397,1873.7065663864666,0.4803921568627451,6
TRIP_438394,5,221.09739557408696,40.150993607819544,1015.9600552459967,0.6530612244897959,6
TRIP_438400,5,654.3698673868905,230.89964282805184,1966.0584351224813,0.29545454545454547,6
TRIP_438452,4,270.7028572258939,117.38412651705976,2023.989630856686,0.4470588235294118,6
TRIP_438540,5,350.3113375816984,127.46802038952856,3495.886567776091,0.41509433962264153,6
TRIP_438541,0,1019.3016280308266,136.51389425020545,5638.805481750068,0.3815789473684211,6
TRIP_438587,0,472.8418983586478,228.39630908264854,5306.6454330910565,0.35135135135135137,6
TRIP_438616,5,549.6010995296588,223.84369156832213,2491.0654834051834,0.2978723404255319,6
TRIP_438645,0,431.2865803834312,155.75728721602454,3482.037737870764,0.37735849056603776,6
TRIP_438679,2,231.94873489988666,85.36281170079877,3420.575700033235,0.5694444444444444,6
TRIP_438691,1,418.28909222613237,147.86704064786505,3400.380876905497,0.4583333333333333,6
TRIP_438707,0,323.15861599918446,117.18980230704432,2706.4478965965686,0.45161290322580644,6
TRIP_438741,3,241.85739825315807,64.16658909880152,2666.6127397999817,0.7012987012987013,6
TRIP_438756,0,520.104991138869,199.88156131645096,3305.6853837852514,0.24175824175824176,6
TRIP_438770,2,239.24112630886856,108.24936674529437,2066.980088226933,0.4936708860759494,6
TRIP_438842,0,2165.4391702705743,1285.2539025720462,5779.28496668031,0.234375,6
TRIP_438949,1,2572.2340363457915,337.6745685491752,13796.708471529928,0.33783783783783783,5
TRIP_439053,2,1483.027369202206,1513.6476129870778,4533.957182524953,0.12142857142857143,6
TRIP_439199,4,1411.8454795286148,93.91433029075012,6558.507667054281,0.5102040816326531,6
TRIP_439271,0,309.61416550676245,151.20235345569097,2786.827852345787,0.3717948717948718,6
TRIP_439288,0,368.07504784524843,176.09342643590537,2286.1453830037253,0.43523316062176165,6
TRIP_439318,5,462.9849162124656,93.72675575163474,1783.5405062078244,0.5102040816326531,6
TRIP_439344,0,183.26043417866825,64.58061034683891,2105.8754874466435,0.618421052631579,6
TRIP_439393,2,313.20608611938644,111.4168450725472,2722.741522945246,0.4125,6
TRIP_439443,0,244.43085596418953,102.99160897064854,3463.4528253298113,0.5,6
TRIP_439454,4,156.6798005726794,26.47746436395437,3420.575700033235,0.8051948051948052,6
TRIP_439462,5,235.9475844677254,81.33272032099586,3420.575700033235,0.6140350877192983,6
TRIP_439484,0,112.64359606969087,18.819747099932044,1319.4730571120158,0.7317073170731707,6
TRIP_439546,4,306.3517658888501,86.89559291181033,2489.4767250934724,0.5217391304347826,6
TRIP_439555,3,148.9629669062003,63.43004699146725,1873.7065663864666,0.5632183908045977,6
TRIP_439599,4,248.15289975815685,80.9204697730329,2555.4146125099855,0.6545454545454545,6
TRIP_439607,5,434.88370400368814,192.90095647853207,2666.6127397999817,0.23529411764705882,6
TRIP_439772,0,192.3202585590466,91.09433882881603,1913.7306676556707,0.5909090909090909,6
TRIP_439837,5,463.7435472071675,195.4250149460318,2123.103539527276,0.3333333333333333,6
TRIP_439847,1,170.99954931243306,66.16279683132795,1989.2041854073498,0.6129032258064516,6
TRIP_439849,1,96.19439889000819,37.6063267697429,450.13819416947297,0.6027397260273972,6
TRIP_439898,5,525.0600086292178,101.18974960375604,3461.6497902439933,0.5,6
TRIP_439911,5,704.9440278546547,73.01396870456605,5171.243776864702,0.5423728813559322,6
TRIP_439913,4,379.87747277424586,120.72161046611106,2469.5622890340464,0.4482758620689655,6
TRIP_439965,4,1525.1648143164125,444.11942705184265,4408.169515221625,0.29508196721311475,6
TRIP_440025,0,384.3326147268484,76.479858381479,3569.173272822687,0.5789473684210527,6
TRIP_440094,5,364.3231000447218,134.08845401193145,3456.64315158616,0.47368421052631576,6
TRIP_440099,2,521.2965362142252,380.58920230064626,2438.6919528991366,0.27906976744186046,6
TRIP_440126,5,334.0662001726641,185.50001062183085,2258.4218599528963,0.30604982206405695,6
TRIP_440172,3,173.39596756835232,126.21532394701642,402.92359595396937,0.36666666666666664,6
TRIP_440180,3,549.9005194113495,235.31086040016717,2716.301568311017,0.24,6
TRIP_440286,5,666.2423937021064,257.7307527244669,4845.232342135608,0.37037037037037035,6
TRIP_440393,5,1256.8980151499316,181.08684735712401,5292.753872165093,0.43636363636363634,6
TRIP_440408,0,227.65422846517882,55.31112683566573,3495.886567776091,0.59375,6
TRIP_440438,0,352.08723639079057,137.4546710126005,3520.1591864367533,0.3333333333333333,6
TRIP_440462,0,288.78269754909246,135.0069588462897,2064.733105567222,0.37037037037037035,6
TRIP_440545,0,311.6257765715592,169.42497754203967,1913.7306676556707,0.4107142857142857,6
TRIP_440724,0,298.3267514331162,102.9598686429192,3448.2358336765965,0.4883720930232558,6
TRIP_440843,2,366.87064722557403,115.00805381420388,1913.7306676556707,0.3870967741935484,6
TRIP_440865,0,231.4173676242116,40.83054088368481,3408.181362073336,0.6984126984126984,6
TRIP_440881,0,232.02499001829648,70.8584725320942,3468.622253709411,0.5844155844155844,6
TRIP_440883,0,213.19657905276472,101.15004569964759,980.0216809857377,0.5,6
TRIP_440940,4,487.9453706974397,135.01540702617203,2809.750654675415,0.3898305084745763,6
TRIP_440998,1,457.3604338192671,88.61287666641388,3482.57990341332,0.5535714285714286,6
TRIP_441032,0,246.76730473548278,86.36118168673012,2197.117661002851,0.5571428571428572,6
TRIP_441037,3,622.7498753647048,141.81410587177993,3083.3142085786308,0.43548387096774194,6
TRIP_441045,3,323.0148146631558,128.84351565849164,2686.121393886156,0.3709677419354839,6
TRIP_441046,0,218.39558383605845,92.15198841149491,1913.7306676556707,0.5733333333333334,6
TRIP_441067,0,1432.0350201384747,379.115930986972,6574.15180219211,0.24285714285714285,6
TRIP_441133,0,461.0126032848519,362.4493237205311,1478.68190722674,0.18181818181818182,6
TRIP_441177,1,52.21644677233946,71.03543231391973,117.07931413231955,0.8125,4
TRIP_441195,1,200.13136703599338,140.49319237727326,1913.7306676556707,0.4090909090909091,6
TRIP_441305,0,131.4289710336152,94.51329895327218,659.3707517975743,0.5526315789473685,6
TRIP_441326,4,192.57308284239406,59.287543098321514,1919.2653140920306,0.6,6
TRIP_441395,0,1947.9164226110443,2561.0316719237157,3888.9198295582487,0.14285714285714285,6
TRIP_441418,0,136.85762156479558,94.36292688836015,414.1947660999382,0.5777777777777777,6
TRIP_441467,4,1234.4838384003197,819.7672124031113,5004.943780423397,0.2653061224489796,6
TRIP_441491,3,456.21157366442173,259.4601626559238,2232.443259225824,0.365625,6
TRIP_441521,3,433.7162702035389,163.63381061631236,1961.3750931407335,0.23529411764705882,6
TRIP_441567,5,727.614735780063,283.07251182553574,3390.020039506853,0.33962264150943394,6
TRIP_441674,0,44.36283568730709,45.24853387445393,112.64046574527684,0.9565217391304348,6
TRIP_441709,2,449.07928057858413,80.64564057772304,4966.851151084242,0.59,6
TRIP_441753,2,384.8080550207198,167.4630636623383,3421.8399177159995,0.36363636363636365,6
TRIP_441761,0,13239.8262630018,8899.84812092419,29586.493608113124,0.08955223880597014,6
TRIP_441769,5,294.371365354289,215.5043356341763,1480.204724736851,0.3793103448275862,6
TRIP_441847,0,396.4503924507265,149.3319698665756,1774.6809582097387,0.4098360655737705,6
TRIP_441930,3,643.630780841118,122.22051844230525,3501.4722709438597,0.4603174603174603,6
TRIP_442065,0,198.9585839744042,41.252763045713294,3448.2358336765965,0.7321428571428571,6
TRIP_442079,5,172.50125170722364,2.725076623570417,701.0221529466156,0.5652173913043478,6
TRIP_442084,5,182.6070688393614,75.84209791009421,4612.916998806738,0.5662650602409639,6
TRIP_442150,0,305.1734254394627,96.8368897361418,1833.4831163427864,0.5373134328358209,6
TRIP_442152,0,123.68158447591537,89.62429288531331,941.9523730076293,0.59375,6
TRIP_442178,2,506.0938124411706,341.78097223736813,1862.4903249900544,0.16981132075471697,6
TRIP_442197,0,228.13485941283412,133.1856383129281,1913.7306676556707,0.43373493975903615,6
TRIP_442256,2,394.4781863289401,160.82416862129583,3542.2517303234936,0.28125,6
TRIP_442261,4,588.7432937236388,363.38963865139465,2588.954628226037,0.20149253731343283,6
TRIP_442293,3,186.5997745458671,78.21068765251313,1682.6014075980247,0.5473684210526316,6
TRIP_442333,2,1467.149497409676,503.49842333646825,6947.451365571914,0.23076923076923078,6
TRIP_442342,2,1074.5431440952887,363.25814743087415,5351.758996759491,0.40425531914893614,6
TRIP_442437,1,979.8072816580031,263.8846831072433,3577.5626516203624,0.24719101123595505,6
TRIP_442442,1,146.76715777964188,65.42201718343696,1834.1721635456618,0.6923076923076923,6
TRIP_442537,1,273.5241906439425,97.5227160571099,3337.6255399697548,0.5,6
TRIP_442611,5,713.2992652617704,186.6515959565132,4506.8085296258305,0.3409090909090909,6
TRIP_442690,1,429.2936356690162,146.25121753249772,2102.263752533147,0.3904761904761905,6
TRIP_442741,0,4.300867622684202,0.4725490127782275,12.389244906515449,1.0,4
TRIP_442745,1,174.3306976303874,83.14345348947704,2064.733105567222,0.5925925925925926,6
TRIP_442747,3,778.6191341087255,308.9193960646477,2992.4347777954104,0.36363636363636365,6
TRIP_442793,3,307.7515473243943,69.12168920752671,3511.0101692097182,0.6363636363636364,6
TRIP_442829,0,1256.5207355051832,378.95919614226773,5897.549172099751,0.37681159420289856,6
TRIP_442832,5,578.2260916825913,167.95130257155773,3520.1591864367533,0.46875,6
TRIP_442940,0,9913.044233299128,10817.429062663634,20884.102740481438,0.2037037037037037,6
TRIP_442961,0,164.19051329495645,59.21409619317839,1873.7065663864666,0.6329113924050633,6
TRIP_442995,4,511.96180898086953,102.23654019540315,4874.249476564206,0.4307692307692308,6
TRIP_443046,1,6108.333447713302,549.1650681628868,19874.43815941562,0.3157894736842105,6
TRIP_443111,4,221.94660474673324,112.36020515032095,1249.2417871780403,0.4473684210526316,6
TRIP_443112,0,238.4522114045231,94.82449338908876,3501.4722709438597,0.5185185185185185,6
TRIP_443128,0,223.83504688100874,54.65546844556689,2191.6647191833467,0.5981308411214953,6
TRIP_443148,3,1198.9040510425834,248.3512921829266,6895.221396277296,0.25,6
TRIP_443173,4,93.50737809920042,30.084316203633154,1466.810321030476,0.7872340425531915,6
TRIP_443382,4,1129.6697240041206,108.7712487936757,6555.127130578445,0.4838709677419355,6
TRIP_443452,0,205.32475159090208,79.88522450670685,3501.4722709438597,0.6875,6
TRIP_443548,1,2799.6752984234945,3655.1462097560643,5990.521966948682,0.16666666666666666,6
TRIP_443569,0,395.86530020284937,139.78533027768208,2673.309716955513,0.42105263157894735,6
TRIP_443659,3,7776.573870351104,2255.275620644439,25520.930862291643,0.20202020202020202,6
TRIP_443679,4,595.4008031107222,111.96066303948574,3385.6179558710623,0.5,6
TRIP_443721,0,172.23464534760421,78.56165167727382,1873.7065663864666,0.5689655172413793,6
TRIP_443734,1,290.2374685285823,77.42408171236546,2666.6127397999817,0.5483870967741935,6
TRIP_443925,3,196.9278776576661,71.86042578208148,3544.5005359195115,0.5876288659793815,6
TRIP_443952,2,815.6061489537121,47.88892844117673,3400.380876905497,0.7,5
TRIP_443960,2,911.4174109349945,608.3120031785083,3016.6055914167805,0.3469387755102041,6
TRIP_444112,0,769.6488960350524,123.99645305466579,6680.743345206788,0.45454545454545453,6
TRIP_444153,2,3865.1619528998294,1928.0913733226216,10410.549641493328,0.14864864864864866,6
TRIP_444232,3,129.75794342856236,79.82093474087871,993.6199745823087,0.5818181818181818,6
TRIP_444415,4,305.4093606620737,127.04101258558285,1904.47205408425,0.453125,6
TRIP_444500,0,552.7199039386472,176.25696375723265,2716.273821822709,0.42857142857142855,6
TRIP_444524,1,229.48725828736573,38.34526450094081,2132.900733270863,0.7021276595744681,6
TRIP_444531,4,6002.555204139818,5295.747770054616,15590.391210455255,0.2830188679245283,6
TRIP_444714,0,285.47425522557853,124.60213875852304,2666.6127397999817,0.43478260869565216,6
TRIP_444727,0,252.5826230628192,77.66199590986972,3420.575700033235,0.6231884057971014,6
TRIP_444797,2,358.82511898362856,123.29581737423392,3420.575700033235,0.4696969696969697,6
TRIP_444805,2,553.852021502719,337.1863079630437,3511.0101692097182,0.3761467889908257,6
TRIP_444847,5,849.564669538186,419.7826668272482,4442.878147623028,0.3333333333333333,6
TRIP_444911,0,312.9652445396089,99.76464337942738,3400.380876905497,0.5,6
TRIP_444991,2,159.39688077712594,60.71562829056825,1294.3784203544083,0.5818181818181818,6
TRIP_445053,4,437.0514723754017,116.98343364892743,2429.1604370779373,0.43333333333333335,6
TRIP_445076,0,232.02250088787045,100.15359352797319,1751.822988829528,0.46808510638297873,6
TRIP_445157,5,628.1842680402464,223.11928960482953,2096.9751594392346,0.3333333333333333,6
TRIP_445178,3,542.3352501779001,244.4337902674567,3388.19102227631,0.32558139534883723,6
TRIP_445247,0,163.38523188493974,73.40759180036872,1873.7065663864666,0.6923076923076923,6
TRIP_445274,0,115.35570899963852,90.61158746021971,835.2758523952602,0.54,6
TRIP_445297,2,310.6720524011576,108.88375003858924,2272.052538728163,0.41509433962264153,6
TRIP_445322,0,160.26807521425417,63.45697836040196,2026.2754880914085,0.6391752577319587,6
TRIP_445368,0,226.7855477483745,94.82449338908876,2666.6127397999817,0.5365853658536586,6
TRIP_445443,5,874.2483150701853,354.840217232791,3495.886567776091,0.16363636363636364,6
TRIP_445485,0,203.0373554990904,88.11138620612803,1873.7065663864666,0.5507246376811594,6
TRIP_445507,2,178.37437564409046,84.7186795326136,1873.7065663864666,0.6,6
TRIP_445571,2,338.9268967273948,32.93498154872803,3420.575700033235,0.625,6
TRIP_445597,3,555.0589379906698,172.44954676971162,3478.9800576611733,0.37333333333333335,6
TRIP_445654,1,291.4358457863424,235.59039762135626,1913.7306676556707,0.3055555555555556,6
TRIP_445679,0,374.34614474260394,100.11094571466063,3400.380876905497,0.4909090909090909,6
TRIP_445714,3,401.00715912784074,51.31106449104513,3015.2966426742837,0.6451612903225806,6
TRIP_445718,0,405.17494266263697,125.76912701800568,3029.7532837033905,0.39215686274509803,6
TRIP_445758,3,437.87838947528934,119.60909529048165,2281.960275524315,0.4117647058823529,6
TRIP_445894,0,296.0049541316848,84.0984167127398,2193.1802718591107,0.5777777777777777,6
TRIP_445926,3,438.9672809074673,92.11819158488481,2633.7511297770393,0.504950495049505,6
TRIP_445980,1,303.49682181342837,109.3914500336821,3482.037737870764,0.5,6
TRIP_446015,3,339.53276715754816,111.89249067439833,3951.422956687159,0.48936170212765956,6
TRIP_446043,2,277.6957393020053,68.18381150574322,3319.004994886136,0.625,6
TRIP_446098,3,366.011802069306,124.59567032003592,3468.837887361981,0.42857142857142855,6
TRIP_446128,5,221.2899018180848,91.96588832699337,2025.9674458028614,0.6031746031746031,6
TRIP_446289,0,201.20685378083314,97.36802954332676,2269.3367693147015,0.5111111111111111,6
TRIP_446423,2,1604.8251157387147,1271.1153430788636,6009.536005261953,0.16842105263157894,6
TRIP_446426,0,961.2015353548603,289.2552641301844,3133.1375427199964,0.2682926829268293,6
TRIP_446524,0,1258.6989362231984,266.50874590367255,4989.45649651434,0.425,6
TRIP_446534,0,1242.4160742431357,75.7845628396826,7924.183386191208,0.5897435897435898,6
TRIP_446566,5,670.1917576260722,145.0241421992528,4585.948474982134,0.38666666666666666,6
TRIP_446588,0,299.19327638549737,94.46792189472211,3520.1591864367533,0.5102040816326531,6
TRIP_446609,1,278.08591871068995,139.70530142532584,1253.715025535257,0.3780487804878049,6
TRIP_446612,0,150.61074318170157,69.45887532386588,1954.214379160875,0.6617647058823529,6
TRIP_446633,0,208.01046461988892,49.27988002163672,3468.622253709411,0.640625,6
TRIP_446650,2,1859.2382615956642,795.8907633938702,6605.588569005569,0.15714285714285714,6
TRIP_446652,0,353.4430680735373,111.28745905685815,3099.445444917915,0.4868421052631579,6
TRIP_446670,0,2633.8782417321136,1393.1439565936334,6163.395145440471,0.16666666666666666,5
TRIP_446782,0,244.61742498318208,94.41697788392193,1734.8326476715351,0.5333333333333333,6
TRIP_446803,2,1079.3350237070688,70.74609838843877,7428.710401522466,0.5625,6
TRIP_446903,2,107.6019219565873,67.57640028121139,754.5632792465109,0.6777777777777778,6
TRIP_446954,5,177.85836474200124,60.09563533961468,2044.9763039775457,0.5384615384615384,6
TRIP_447001,0,275.3585011955623,119.64757971333492,3030.0058812759653,0.4852941176470588,6
TRIP_447029,0,300.1494135481267,134.08445682166945,1979.8598896115682,0.4426229508196721,6
TRIP_447112,4,738.4471983763036,112.3195186850377,9869.5792398503,0.4339622641509434,6
TRIP_447173,0,293.75806983027644,94.45654729704347,3266.7886432782307,0.5116279069767442,6
TRIP_447177,0,168.66936855758135,66.00845297917516,2716.273821822709,0.635593220338983,6
TRIP_447195,0,210.87775266222755,94.74810668753808,1913.7306676556707,0.5147058823529411,6
TRIP_447221,1,1752.0464104695982,284.80427442373013,6194.358957158864,0.3508771929824561,6
TRIP_447272,2,219.77099220253925,40.274891254546375,3337.6255399697548,0.7666666666666667,6
TRIP_447297,4,524.7899541898122,247.03226033183776,3670.5675762475043,0.25,6
TRIP_447438,0,303.1624547220172,105.37024611256417,2534.1417246882393,0.4864864864864865,6
TRIP_447501,3,505.2456901211289,235.0838100303198,3565.315002348304,0.46,6
TRIP_447563,1,242.57990145146397,95.19679405128349,1883.277409128939,0.53125,6
TRIP_447588,1,538.2335045468461,117.64443798551318,2543.137899857708,0.4444444444444444,6
TRIP_447620,0,469.54784475843746,149.64233907981338,4521.948287847442,0.40476190476190477,6
TRIP_447662,4,877.1053347075299,213.8973774568259,4446.77001568108,0.3877551020408163,6
TRIP_447692,5,125.87570630811388,62.21133970547414,517.6110066775913,0.5882352941176471,6
TRIP_447724,3,323.3577751382076,124.63684259755549,3500.318524030315,0.4473684210526316,6
TRIP_447727,1,106.81648543924594,50.965449578893605,860.0476134737261,0.7105263157894737,4
TRIP_447729,2,127.73594859191259,93.72523003936146,846.4305319872853,0.532258064516129,6
TRIP_447761,4,359.27267397078526,106.92012961371029,3243.870593833923,0.49019607843137253,6
TRIP_447803,5,514.6280799291516,112.01974367129381,3385.6179558710623,0.4782608695652174,6
TRIP_447804,0,782.9234807374953,95.38090658593688,5488.383087712829,0.5357142857142857,6
TRIP_447825,1,472.40682892094947,170.55250141369322,3190.8108726502196,0.3902439024390244,6
TRIP_447839,0,363.93873523387936,87.34631577573758,3495.886567776091,0.5714285714285714,6
TRIP_447906,3,343.896871040651,102.82793342719854,2179.79152657932,0.4482758620689655,6
TRIP_447923,5,4946.9037726935985,1009.6593075901776,17700.60473805942,0.2558139534883721,6
TRIP_447927,0,189.35314642764237,62.03940050618918,2354.281819632438,0.6075949367088608,6
TRIP_447953,3,230.92271153114038,62.73007640008245,3319.004994886136,0.6753246753246753,6
TRIP_447969,5,276.5653615099961,52.07976628147335,5250.629344040023,0.6582278481012658,6
TRIP_447975,2,312.218371196591,110.28426020802809,3420.575700033235,0.4838709677419355,6
TRIP_448005,4,5608.286850556487,3055.481201215708,16344.11812477104,0.20161290322580644,6
TRIP_448115,2,714.1127304410574,123.81445028843777,3544.5005359195115,0.42592592592592593,6
TRIP_448224,3,112.60334936235294,57.81219925311333,540.443601743812,0.6808510638297872,6
TRIP_448247,1,359.81594978485236,80.90172209401142,3511.0101692097182,0.5882352941176471,6
TRIP_448249,0,653.3565135393571,539.0656056363676,2472.4247035525327,0.3442622950819672,6
TRIP_448308,1,230.76253432690297,134.86687695483894,4126.954140727878,0.45454545454545453,6
TRIP_448329,1,306.87570233596404,106.00162116747575,3501.4722709438597,0.4186046511627907,6
TRIP_448337,5,68.2430062695311,29.765684930313505,579.9693941379794,0.8688524590163934,6
TRIP_448340,0,238.7682182318603,76.05544341568066,4077.126918667151,0.575,6
TRIP_448350,5,221.711120161645,70.84910639308978,3178.014702128256,0.5846153846153846,6
TRIP_448430,0,284.7259619836025,76.11203388620251,1913.7306676556707,0.64,6
TRIP_448488,2,725.4634960703229,135.97274117908114,5249.551881918703,0.3611111111111111,6
TRIP_448521,0,206.8516655618664,62.86231227195211,1954.214379160875,0.6533333333333333,6
TRIP_448534,1,183.5256820646422,98.88979772728537,1061.7793373188274,0.6111111111111112,6
TRIP_448631,2,550.4647104263618,141.30380307228555,3867.2787605684866,0.41379310344827586,6
TRIP_448694,0,2172.2416146374226,322.74904003281847,12571.528026902093,0.375,6
TRIP_448696,1,153.33055519971956,41.05392283734833,1873.7065663864666,0.68,6
TRIP_448703,0,269.8255949715602,160.04806079761858,743.5581393290845,0.37142857142857144,6
TRIP_448714,2,160.4590862332181,59.91773791493896,1648.5271246148345,0.6533333333333333,6
TRIP_448796,4,301.2546994467534,122.96041255393696,3268.2151567778974,0.43902439024390244,6
TRIP_448945,3,955.6076815717156,515.7198828040487,5148.515266969754,0.2727272727272727,6
TRIP_448963,5,1666.3145054224144,291.0959962097087,11091.457789089533,0.30851063829787234,6
TRIP_449041,0,288.75112147683564,76.24089486865458,3544.5005359195115,0.6521739130434783,6
TRIP_449102,0,1375.533118177647,363.88444106668163,13123.066455803108,0.2647058823529412,6
TRIP_449135,0,344.5246049047896,115.96281204697377,2316.5431618324587,0.45454545454545453,6
TRIP_449177,0,144.76609793092575,53.619421934033426,1496.3454278756988,0.625,6
TRIP_449180,0,261.46975475402945,113.43605835688678,1873.7065663864666,0.4444444444444444,6
TRIP_449212,5,344.85250091872433,82.85832725460703,3511.0101692097182,0.5862068965517241,6
TRIP_449265,2,376.9186606828565,69.67178820029645,3468.837887361981,0.5609756097560976,6
TRIP_449290,1,961.297705217079,437.258000763758,5148.515266969754,0.2361111111111111,6
TRIP_449300,0,757.3454095721941,126.60994446631689,3626.893400065993,0.37168141592920356,6
TRIP_449313,4,274.7789084935537,70.70502626915423,3324.150893199123,0.5974025974025974,6
TRIP_449368,1,626.0496926696802,57.14973020625724,3434.474352935867,0.6923076923076923,4
TRIP_449448,0,1563.5724931726736,265.31399764253024,5118.541398595401,0.31666666666666665,6
TRIP_449494,0,326.212105295456,68.34400053889959,3511.1709325655133,0.6575342465753424,6
TRIP_449507,5,2014.008280828452,1501.8542945427514,6641.6330520930815,0.17475728155339806,6
TRIP_449560,0,253.57389619628142,43.340521630901115,3434.474352935867,0.7428571428571429,6
TRIP_449725,5,879.2481517223242,269.826512284929,5126.718954691558,0.21739130434782608,6
TRIP_449745,2,344.264906119439,32.151757305184056,2917.930214374093,0.6458333333333334,6
TRIP_449779,3,293.44328662294754,105.31173484538934,6837.533211663695,0.4262295081967213,6
TRIP_449840,0,614.4887833613087,139.1143298704176,4838.931746905096,0.4246575342465753,6
TRIP_449850,0,529.4230971332936,409.2893345620811,2278.8355488070492,0.288135593220339,6
TRIP_449864,1,211.6553575172693,113.60286640912966,2666.6127397999817,0.38666666666666666,6
TRIP_449905,0,50.079636386123795,22.251404392236267,277.4162291479099,0.8596491228070176,6
TRIP_449911,0,149.8194767049458,81.99965866729573,1566.4908885937703,0.5862068965517241,6
TRIP_450054,3,364.523604628548,180.05110754885666,3444.043469593477,0.2923076923076923,6
TRIP_450078,0,754.7527333736494,54.89619233720594,3324.150893199123,0.6956521739130435,2
TRIP_450083,1,368.0271804473727,120.22457044085309,2696.4136429211826,0.43859649122807015,6
TRIP_450088,2,748.9412258919272,287.0216765361379,2983.9128872760666,0.375,6
TRIP_450096,3,56.20793132934757,59.13034403805912,107.79246959118869,0.9230769230769231,6
TRIP_450116,4,700.1845567546144,74.09647854646079,4757.271715110671,0.5606060606060606,6
TRIP_450219,0,306.9249458175462,111.54588809003288,2228.1968709818634,0.48936170212765956,6
TRIP_450224,0,257.42688442719697,53.17695270968357,3516.9349019451524,0.7142857142857143,6
TRIP_450257,0,389.1408367016984,147.24720644815355,2175.936356898967,0.39285714285714285,6
TRIP_450261,0,141.042692931297,65.81878174522606,1913.7306676556707,0.5833333333333334,6
TRIP_450278,0,309.7041169621006,102.37835766400741,3495.886567776091,0.4576271186440678,6
TRIP_450300,5,4630.499234306671,1166.6802582492335,17160.09231486349,0.2711864406779661,6
TRIP_450316,0,412.27201901967175,68.76272849907551,3029.9886606776313,0.6153846153846154,6
TRIP_450363,1,215.71374423692032,79.89709465366604,1954.214379160875,0.5531914893617021,6
TRIP_450381,0,534.757328377472,97.3234642016416,3492.7088110668114,0.5277777777777778,4
TRIP_450548,2,343.1839623003719,70.33922484044547,3482.57990341332,0.6538461538461539,6
TRIP_450557,1,115.00104089811457,60.563972854073015,2023.989630856686,0.675,6
TRIP_450595,0,185.7835219395199,52.90907058062256,4455.471628331037,0.6804123711340206,6
TRIP_450621,5,2010.8135557949608,419.5635788521091,8988.013006656389,0.2692307692307692,6
TRIP_450652,3,191.81011038981276,87.98391077191752,2139.931066939721,0.635593220338983,6
TRIP_450668,0,303.5183902648013,125.79477489091566,3047.0873148657547,0.43902439024390244,6
TRIP_450732,0,417.56521288888797,291.5092769615796,2305.5509265548876,0.3333333333333333,6
TRIP_450886,2,1865.4654521354762,1247.9705346935257,6651.658911640029,0.19696969696969696,6
TRIP_450897,5,464.74731258889665,88.0087169291687,1480.825510753552,0.52,6
TRIP_450921,4,355.2744276514417,108.86291588164521,3010.8138411773125,0.4634146341463415,6
TRIP_450924,1,533.4859105634007,210.43726604171945,4128.920761547901,0.35106382978723405,6
TRIP_451065,0,200.4244387489751,57.87320324431616,3501.4722709438597,0.6666666666666666,6
TRIP_451076,5,372.32572924088277,70.91587015577615,6835.598538872176,0.5614035087719298,6
TRIP_451165,2,3802.0856953335833,3951.6958785090583,10268.980241734485,0.12295081967213115,6
TRIP_451234,4,3688.434615768672,872.4640930291736,14139.602810082739,0.24175824175824176,6
TRIP_451245,5,3961.4947675853073,1080.755551114551,16018.776171356543,0.30158730158730157,6
TRIP_451318,0,213.25674302381273,63.00881334031489,3456.64315158616,0.7027027027027027,6
TRIP_451330,4,4026.0999159365574,719.8784947520359,17566.032556450456,0.21951219512195122,6
TRIP_451335,5,268.9695746154276,93.40276503313366,3520.1591864367533,0.5636363636363636,6
TRIP_451340,2,741.5383688258762,392.1614393196279,2523.7164740418534,0.3055555555555556,6
TRIP_451352,2,893.894176622984,205.70015289419356,4878.152245650849,0.40425531914893614,6
TRIP_451421,4,224.1875526221267,59.281914310813725,2134.1169160276017,0.6666666666666666,6
TRIP_451425,0,393.5677172600692,103.36511620626945,3059.927247809003,0.35526315789473684,6
TRIP_451543,2,273.1271050359045,286.63994005516554,994.4444003841907,0.3770491803278688,6
TRIP_451548,3,263.5720527184948,95.2745579645802,2030.1416149111767,0.5121951219512195,6
TRIP_451593,0,245.5595958150284,67.41598414315361,2038.4901222334167,0.5465116279069767,6
TRIP_451637,0,55.45826325725869,35.15027405289485,266.46810368207514,0.8333333333333334,6
TRIP_451676,2,450.90266526235024,81.0920090332167,2216.000548574449,0.5227272727272727,6
TRIP_451677,3,271.6712800386463,90.77888782816703,2666.6127397999817,0.5604395604395604,6
TRIP_451760,3,1614.7478010527002,502.3857408446363,6738.6805432229985,0.1686746987951807,6
TRIP_451773,0,262.65262030442545,105.53992951079042,3433.420833594776,0.46774193548387094,6
TRIP_451814,0,245.83641100090347,145.00472703734383,2092.2896968906193,0.4,6
TRIP_451840,5,320.4028329432983,121.69563272269104,2737.1189957698775,0.4166666666666667,6
TRIP_451852,3,140.90963420864563,74.30627156307895,1680.3134927751712,0.5866666666666667,6
TRIP_451949,5,264.19896502668576,92.9643539447531,3448.2358336765965,0.5420560747663551,6
TRIP_452037,3,314.05712932348507,102.9909996203271,2221.7426492310533,0.48484848484848486,6
TRIP_452071,0,188.73231635146738,76.12935576156184,1963.1227690481662,0.6,6
TRIP_452103,2,224.72219778048674,80.34194178033118,2004.100723401678,0.5948275862068966,6
TRIP_452142,2,431.1109739781151,67.3369717902637,4384.763116720572,0.6695652173913044,6
TRIP_452216,4,1419.6411710716116,304.9189225020009,5850.552767619312,0.25,6
TRIP_452267,1,200.02194259819032,56.46523326103515,2326.390502682307,0.6346153846153846,6
TRIP_452393,0,421.23147217279944,103.52777735183977,4350.080863086963,0.45555555555555555,6
TRIP_452415,0,353.1728145077983,100.13810146535094,2716.301568311017,0.48484848484848486,6
TRIP_452421,4,330.1182356490349,45.16242851510281,3520.1591864367533,0.6727272727272727,6
TRIP_452557,0,369.78813708625484,112.08212334217802,2805.3764289965466,0.48,6
TRIP_452581,2,493.7293306995341,60.333423687118234,1322.5851575496677,0.6363636363636364,4
TRIP_452682,0,777.4831004921643,238.72814442555085,12793.09497841475,0.38235294117647056,6
TRIP_452686,3,141.7222623941828,99.75350257734402,570.8669794313132,0.55,4
TRIP_452717,2,498.7500167960437,89.972847899404,3420.575700033235,0.5495495495495496,6
TRIP_452727,2,1677.3653612800435,780.9727924959178,5591.237291578493,0.1794871794871795,6
TRIP_452752,0,231.8479143493783,99.57873397990724,1149.0904601182765,0.5106382978723404,6
TRIP_452796,1,7587.1382602714575,1151.1012462039844,24419.419449564,0.27472527472527475,6
TRIP_452800,0,861.019926411492,1086.941802336205,2282.164360283442,0.16666666666666666,6
TRIP_452806,3,5531.557419270334,785.8229257677767,19133.272186990915,0.2835820895522388,6
TRIP_452833,3,733.9842092122913,194.39315104216968,3482.57990341332,0.44,6
TRIP_452880,4,619.2172211127,157.75733199002119,2901.8865142506493,0.3880597014925373,6
TRIP_452883,4,271.56049759061887,101.98959501599913,2666.6127397999817,0.4883720930232558,6
TRIP_452922,0,161.38712923810655,69.78957364281715,1873.7065663864666,0.603448275862069,6
TRIP_452959,1,151.12411582021758,62.87722810876602,2788.882965566827,0.6111111111111112,6
TRIP_453023,3,302.5648552907267,90.30771114824144,2286.658385692348,0.5432098765432098,6
TRIP_453086,0,361.3438879958657,129.02089225409927,3544.5005359195115,0.4090909090909091,6
